TeamName,eFG%,Rk,eFG% Def,Rk,FTR,Rk,FTR Def,Rk,OR%,Rk,DR%,Rk,TO%,Rk,TO% Def.,Rk,3P%,rk,3pD%,rk,2p%,rk,2p%D,rk,ft%,rk,ft%D,rk,3P rate,rk,3P rate D,rk,arate,rk,arateD,rk
UT Rio Grande Valley,46.800000000000004,297,53.1,318,35.099999999999994,111,44.2,337,27.6,187,30.0,269,18.0,113,23.5,12,32.4,210,37.8,340,46.1,306,51.1,249,73.1,102,72.8,276,29.8,321,36.0,130,54.4,104,59.3,325,10.3,96,5.5,1
Houston,48.0,247,43.9,5,32.9,169,41.6,324,38.7,2,25.3,59,17.8,90,18.2,210,33.7,147,28.6,8,46.6,289,44.5,24,73.0,103,69.0,84,34.3,256,39.5,239,50.8,200,54.1,244,15.1,7,5.7,2
San Diego St.,54.6,14,45.2,15,28.299999999999997,284,30.599999999999998,139,28.199999999999996,162,25.4,68,16.2,30,21.3,48,37.9,11,30.1,32,53.0,39,45.3,36,77.3,15,72.6,268,42.2,70,42.4,310,54.8,88,54.0,241,8.8,161,5.8,3
Liberty,54.400000000000006,18,45.6,20,32.0,199,28.599999999999998,83,23.9,295,21.3,5,15.2,10,19.400000000000002,131,35.0,86,30.0,29,55.7,6,45.9,48,71.2,170,69.5,106,40.0,112,39.3,232,51.7,176,44.5,37,8.4,176,5.8,4
Arkansas St.,48.9,205,52.0,286,48.1,1,43.1,332,28.9,145,29.099999999999998,229,19.0,194,19.900000000000002,107,34.1,127,33.8,215,47.8,249,52.6,295,72.2,138,72.6,270,32.2,291,34.4,79,58.5,21,54.8,269,7.4,243,5.9,5
Kent St.,52.300000000000004,59,48.0,102,28.9,271,34.4,230,30.0,110,30.4,286,18.4,144,19.400000000000002,132,33.7,145,33.5,195,53.4,34,46.7,72,72.8,112,72.7,273,40.3,106,36.6,144,49.8,224,51.2,173,11.0,70,6.0,6
Washington,50.4,136,44.1,6,37.9,52,31.4,159,27.400000000000002,193,31.8,322,21.3,316,19.3,141,32.5,205,31.2,71,51.4,93,42.4,5,72.2,130,71.9,230,38.4,152,38.2,197,51.2,186,60.4,335,16.0,2,6.1,7
Lafayette,52.1,64,48.9,139,23.799999999999997,341,22.1,8,23.400000000000002,304,27.200000000000003,142,17.8,92,14.299999999999999,349,33.6,160,31.6,86,53.4,31,49.8,193,73.6,89,68.1,43,43.4,45,35.8,121,58.8,20,43.8,30,10.9,72,6.1,8
Green Bay,50.8,120,51.4,261,31.6,206,33.0,202,25.8,245,31.6,315,16.2,32,18.2,208,36.6,36,34.9,270,48.8,202,50.8,238,76.3,28,75.5,340,32.8,285,39.3,233,55.5,71,52.2,202,7.8,221,6.3,9
Pacific,49.5,179,48.1,110,34.0,140,41.6,323,33.0,34,21.3,3,18.2,126,18.099999999999998,216,34.1,129,34.3,240,48.9,201,46.3,66,67.1,296,71.1,185,28.0,341,35.2,107,45.8,299,40.6,9,11.9,42,6.4,10
Massachusetts,49.2,194,51.0,251,29.9,247,33.5,213,25.8,246,30.3,284,18.8,178,20.3,86,32.9,191,33.0,165,49.1,189,51.7,268,70.1,212,69.5,110,40.2,107,31.8,30,54.4,103,55.7,284,8.2,192,6.4,11
Chicago St.,45.5,334,57.49999999999999,351,42.199999999999996,8,42.5,330,20.599999999999998,345,32.0,327,26.5,352,16.0,325,30.4,309,40.6,353,45.4,324,55.3,343,72.5,121,73.8,317,36.0,222,40.5,270,48.9,242,60.3,334,7.0,270,6.4,12
Northern Kentucky,49.5,181,46.5,51,33.4,155,31.0,152,29.7,116,31.900000000000002,324,18.0,114,20.200000000000003,92,30.6,299,29.6,19,52.4,56,47.7,97,70.1,210,67.6,36,45.3,26,34.1,71,54.1,115,52.5,211,5.0,345,6.4,13
Georgia Southern,50.2,143,49.5,175,36.199999999999996,82,27.6,61,26.0,235,28.7,212,18.3,136,20.7,65,32.2,224,30.4,40,51.5,90,51.9,271,67.7,277,70.8,172,39.6,120,37.3,171,45.1,311,51.2,174,9.5,128,6.5,14
Denver,49.1,195,52.0,285,36.3,80,38.1,291,20.8,341,25.3,63,19.3,214,17.5,263,32.1,234,32.4,131,49.5,171,54.5,332,69.2,242,76.1,347,29.2,331,42.4,312,45.2,309,47.4,84,6.8,275,6.5,15
Austin Peay,51.300000000000004,98,53.1,316,37.3,63,32.5,191,32.9,35,27.900000000000002,170,18.4,141,20.599999999999998,70,35.3,64,36.4,313,50.4,128,52.3,286,71.3,168,70.6,159,33.4,273,34.2,75,49.1,237,52.0,198,8.3,183,6.6,16
Campbell,52.6,49,49.8,196,25.3,331,40.5,314,21.9,330,27.6,157,19.2,211,19.6,122,34.6,104,31.6,85,53.0,41,51.0,244,72.9,110,71.0,175,40.5,100,33.2,58,57.8,34,43.8,31,8.2,185,6.6,17
Harvard,51.2,100,47.3,78,32.6,174,31.4,161,30.0,109,25.0,50,19.7,233,17.599999999999998,255,32.8,196,33.7,209,52.4,59,45.5,42,70.1,209,70.1,139,38.0,163,35.3,110,45.3,308,43.6,28,13.7,14,6.7,18
UC Irvine,51.6,79,44.9,12,28.000000000000004,290,36.0,262,34.1,25,25.3,61,20.200000000000003,259,16.400000000000002,311,35.6,55,35.6,294,50.8,115,40.8,2,73.1,97,71.1,179,29.9,318,33.1,55,53.2,140,48.4,98,9.6,120,6.7,19
Montana,52.300000000000004,54,48.699999999999996,130,26.1,318,46.300000000000004,344,20.1,348,25.4,69,16.900000000000002,52,20.5,78,36.4,38,33.6,199,51.4,98,48.0,121,71.8,147,72.0,238,27.6,345,31.0,21,46.4,289,44.1,33,8.9,154,6.7,20
Southern Miss,47.8,259,51.300000000000004,258,23.5,342,33.0,204,26.700000000000003,214,26.400000000000002,109,22.1,332,17.599999999999998,258,29.9,323,33.5,198,49.1,190,52.3,288,72.2,137,73.7,312,30.1,316,48.7,352,54.8,90,54.2,248,7.7,230,6.7,21
Grand Canyon,50.7,125,51.0,250,37.5,57,29.9,120,23.3,307,28.599999999999998,205,16.900000000000002,55,16.1,320,34.1,133,34.9,271,50.4,127,50.0,202,74.5,70,72.5,263,33.1,278,40.1,265,48.1,258,54.9,272,3.7,353,6.8,22
Long Beach St.,48.199999999999996,238,52.2,291,33.2,163,29.9,121,24.6,283,31.2,309,22.0,331,19.7,118,35.3,65,36.4,314,46.2,304,50.6,231,69.1,245,71.5,209,29.6,327,40.0,259,45.0,312,58.7,321,11.8,47,6.9,23
Gonzaga,57.49999999999999,3,47.599999999999994,86,38.800000000000004,41,21.8,6,33.6,30,22.7,14,15.299999999999999,11,18.4,195,38.6,7,32.0,106,57.4,3,47.4,88,68.8,250,69.7,121,31.3,304,34.1,73,52.5,156,43.4,26,9.5,127,6.9,24
Boston University,51.300000000000004,97,49.7,186,27.3,301,26.1,38,29.4,124,25.1,52,16.900000000000002,51,17.2,276,32.2,228,32.8,154,53.0,43,49.9,197,64.1,335,66.6,22,34.3,254,36.0,127,46.6,284,45.8,52,6.3,298,6.9,25
Florida Atlantic,48.5,223,50.5,231,26.900000000000002,308,29.299999999999997,104,28.7,150,26.900000000000002,137,18.8,172,20.7,67,31.8,246,34.3,242,49.1,192,50.0,203,70.2,207,69.4,104,42.1,72,37.2,167,47.3,275,46.5,60,5.8,315,6.9,26
Florida,52.1,65,47.9,99,34.0,139,33.7,216,31.1,76,27.400000000000002,148,17.8,93,19.2,146,34.7,99,32.6,142,52.2,62,47.4,92,72.3,127,72.9,279,36.8,200,35.6,117,46.5,287,48.3,96,11.1,66,7.0,27
Pepperdine,50.0,151,52.800000000000004,309,33.0,168,34.699999999999996,236,26.900000000000002,209,27.800000000000004,166,17.4,75,19.0,154,35.1,84,38.1,344,48.4,218,50.3,215,79.2,4,71.5,203,37.5,177,36.5,141,56.5,52,57.4,306,10.1,103,7.0,28
Marist,45.9,324,49.3,165,29.7,249,39.1,303,25.900000000000002,241,25.2,58,20.9,303,20.599999999999998,75,34.1,126,34.2,234,42.4,350,47.7,104,64.8,328,72.8,278,40.0,113,42.9,323,49.3,234,57.8,312,9.9,115,7.0,29
Cal St. Bakersfield,46.5,308,50.9,248,30.7,231,49.1,350,35.199999999999996,14,25.3,60,20.7,294,19.400000000000002,136,31.4,273,37.1,327,46.3,300,47.7,103,67.0,298,73.3,303,27.1,347,39.9,257,44.6,317,52.0,199,9.8,117,7.0,30
New Mexico St.,52.7,44,49.6,180,31.900000000000002,202,32.0,179,34.5,20,21.7,7,20.599999999999998,286,20.9,58,34.6,103,32.9,159,53.4,33,49.7,188,71.3,164,73.3,298,46.6,18,36.9,154,57.3,41,46.8,69,5.9,310,7.0,31
Hofstra,51.7,77,50.3,223,34.300000000000004,130,20.200000000000003,3,29.799999999999997,114,29.5,252,16.5,42,19.8,109,37.4,19,30.7,49,49.0,194,52.8,301,78.6,8,72.5,262,38.0,164,36.6,145,45.6,301,55.1,279,5.5,330,7.0,32
BYU,58.099999999999994,2,49.0,143,23.400000000000002,343,27.900000000000002,65,20.599999999999998,344,24.099999999999998,35,15.5,15,18.2,207,41.9,1,30.3,37,54.8,15,50.7,232,69.7,220,69.7,120,41.3,89,33.7,64,57.4,38,46.2,55,5.4,333,7.0,33
UNC Greensboro,48.9,206,50.1,212,25.0,335,36.8,276,33.2,32,26.8,129,16.5,41,24.9,4,32.1,229,35.6,298,49.5,174,48.0,123,62.1,348,67.4,34,42.2,66,39.4,234,45.9,297,49.8,129,13.4,22,7.1,34
Oklahoma,48.199999999999996,237,46.7,55,31.3,212,19.7,1,23.400000000000002,303,27.400000000000002,151,16.0,28,16.7,298,31.8,253,33.6,203,48.6,208,44.2,17,76.6,22,71.1,176,38.9,137,40.1,262,47.9,262,46.7,66,11.6,49,7.1,35
Towson,48.699999999999996,214,48.699999999999996,134,34.9,113,31.0,151,32.4,43,26.900000000000002,133,18.099999999999998,120,15.7,333,34.8,98,32.7,149,46.9,275,48.5,144,77.8,12,74.2,326,33.7,267,43.8,330,46.4,293,52.4,209,9.2,144,7.1,36
South Dakota,54.6,15,52.2,289,40.8,19,32.2,183,19.3,351,22.1,10,15.1,7,14.899999999999999,346,38.8,5,36.6,319,52.9,49,50.7,233,75.3,43,73.7,311,32.9,282,34.2,76,49.0,239,42.7,17,6.6,285,7.1,37
Boise St.,51.1,105,51.1,256,36.0,84,29.799999999999997,117,25.5,256,22.6,13,17.8,89,19.2,145,33.6,156,30.1,34,51.6,86,54.9,336,75.2,49,72.1,242,42.1,74,39.0,222,49.8,225,45.3,46,4.2,350,7.1,38
Bradley,49.5,182,46.400000000000006,45,32.300000000000004,186,31.2,158,31.5,66,25.900000000000002,83,17.2,63,17.9,225,37.1,28,31.7,90,46.6,290,45.6,43,73.3,94,75.0,336,31.6,300,43.6,329,51.5,179,53.1,225,12.4,36,7.2,39
UNC Wilmington,45.9,329,51.0,253,32.5,179,33.0,201,22.900000000000002,312,29.099999999999998,231,18.9,187,17.9,227,31.5,270,32.8,155,45.2,328,52.2,282,71.5,160,68.6,67,32.6,286,38.2,201,47.8,263,49.9,130,8.4,177,7.2,40
New Mexico,52.2,62,52.7,304,37.2,65,24.4,24,27.900000000000002,172,30.099999999999998,276,19.5,226,20.0,102,32.6,201,34.7,263,54.2,23,53.1,307,72.0,143,69.2,95,36.8,196,42.8,319,54.9,86,58.8,322,7.8,226,7.2,41
Western Illinois,48.5,225,55.7,345,21.7,353,35.0,241,21.2,338,26.200000000000003,97,15.5,16,15.1,342,36.6,37,37.7,338,44.7,338,55.1,341,79.6,2,75.8,344,37.4,178,35.6,116,36.6,353,42.7,18,5.8,314,7.2,42
Idaho,47.599999999999994,267,51.800000000000004,283,30.5,235,29.299999999999997,103,24.099999999999998,292,26.3,103,21.099999999999998,309,15.8,332,33.3,181,32.7,150,46.8,279,53.6,318,66.7,308,69.0,88,25.6,351,39.0,225,48.7,246,53.7,236,5.8,318,7.2,43
Northern Arizona,49.7,166,53.5,323,31.3,214,28.000000000000004,67,26.8,210,26.3,101,17.1,60,18.5,187,35.3,66,36.4,315,48.1,236,52.8,302,70.8,190,73.3,299,33.9,262,36.9,160,50.4,209,52.3,207,5.6,323,7.2,44
Northeastern,54.800000000000004,9,51.7,276,25.6,329,30.599999999999998,140,24.4,288,24.2,37,17.9,99,19.8,111,37.1,26,32.9,157,54.3,21,53.2,309,79.0,5,72.5,261,40.2,110,38.0,190,51.3,181,43.0,21,5.3,336,7.2,45
Michigan,52.800000000000004,41,46.9,58,26.700000000000003,313,26.400000000000002,42,25.0,273,25.5,71,15.299999999999999,12,16.1,319,33.9,141,32.3,126,54.1,25,46.3,59,71.7,151,69.3,98,39.1,129,28.3,7,52.7,149,39.4,5,10.3,93,7.3,46
Northwestern St.,49.7,171,48.1,109,33.900000000000006,142,37.2,283,30.7,86,32.5,332,21.6,323,17.8,236,35.2,70,35.5,291,47.9,246,45.4,40,72.9,109,71.1,180,36.8,197,34.9,99,47.6,270,55.0,277,9.9,114,7.3,47
Weber St.,48.699999999999996,213,52.2,290,26.5,316,22.5,9,21.4,334,28.9,221,17.4,77,16.6,302,30.2,318,37.3,334,50.7,118,50.3,212,72.6,118,72.4,255,35.6,231,32.6,44,39.9,350,52.2,204,9.5,129,7.3,48
Hampton,50.2,146,53.6,326,41.0,16,38.1,290,27.400000000000002,195,31.0,303,15.7,20,15.1,343,32.4,214,36.0,305,50.8,116,53.4,314,69.7,222,70.5,151,31.1,307,39.1,227,52.0,172,54.0,243,9.0,149,7.3,49
UCF,49.4,188,47.8,96,30.9,224,29.4,105,28.799999999999997,146,30.5,292,19.900000000000002,254,20.599999999999998,73,32.3,218,31.7,94,49.9,148,48.0,122,71.1,176,74.9,335,38.5,149,36.8,150,54.7,92,58.0,314,8.0,206,7.3,50
Mercer,51.0,108,49.6,181,26.5,315,35.3,248,30.5,96,26.900000000000002,134,21.0,306,17.7,244,35.2,71,31.9,102,49.9,149,50.7,235,72.4,123,66.6,21,37.1,186,40.1,264,55.2,76,50.9,163,7.4,240,7.3,51
UC Santa Barbara,51.1,103,51.0,249,37.2,64,30.0,125,31.3,70,25.7,79,18.3,135,19.0,155,34.2,120,34.5,252,51.0,109,50.6,226,74.9,60,71.1,177,35.4,233,35.9,124,55.7,68,47.1,74,7.2,250,7.3,52
Florida St.,51.9,67,47.0,66,30.099999999999998,243,34.4,229,33.5,31,30.2,279,18.9,189,23.7,9,35.1,79,31.7,91,51.5,91,46.6,69,75.0,55,73.3,296,35.4,234,40.2,266,48.5,250,44.5,38,15.9,3,7.4,53
Mississippi St.,51.5,90,48.1,107,39.5,35,31.6,165,37.0,4,28.299999999999997,188,20.599999999999998,291,17.1,281,33.6,159,31.2,70,51.9,77,48.8,151,75.4,39,73.3,295,28.0,342,36.2,135,51.1,191,50.5,152,14.0,13,7.4,54
Eastern Illinois,50.5,128,49.1,148,29.4,256,33.900000000000006,220,28.199999999999996,165,28.9,218,17.4,76,21.4,43,33.8,142,35.8,300,50.3,136,46.9,78,65.6,321,73.9,321,32.5,290,32.4,38,49.4,232,50.5,153,11.2,63,7.4,55
Nicholls St.,49.5,183,49.8,197,25.8,325,39.7,310,29.4,128,34.1,343,19.3,217,24.8,5,33.4,168,31.8,99,49.1,188,50.8,237,74.4,73,72.4,251,36.7,204,33.2,60,44.6,316,54.2,249,10.1,102,7.4,56
Delaware,54.400000000000006,19,49.8,193,32.300000000000004,189,28.999999999999996,90,23.799999999999997,296,26.8,132,18.6,159,16.7,300,35.2,75,35.1,281,55.4,8,48.0,118,76.0,32,76.4,350,38.3,156,38.6,211,48.2,255,50.0,135,9.3,135,7.4,57
Valparaiso,50.7,123,51.800000000000004,280,26.8,311,31.7,168,26.1,233,27.400000000000002,150,18.099999999999998,121,20.0,98,34.0,135,36.5,318,50.4,129,50.3,213,71.7,156,68.8,76,40.3,104,34.8,94,56.9,48,51.9,194,9.1,146,7.4,58
Howard,48.199999999999996,236,53.900000000000006,330,33.1,165,34.699999999999996,235,25.7,250,36.9,353,20.7,299,18.5,193,34.7,100,34.7,262,45.9,312,55.0,338,69.7,223,68.9,80,37.2,181,37.6,180,54.6,95,61.6,343,9.0,153,7.4,59
Wright St.,51.0,110,46.5,50,37.8,53,27.1,54,31.900000000000002,57,29.4,244,16.6,45,18.9,157,35.5,57,30.0,28,49.9,147,47.3,87,67.1,297,71.1,186,33.7,264,32.1,35,47.6,268,41.6,12,8.1,195,7.4,60
Canisius,48.4,227,51.800000000000004,282,30.2,241,35.699999999999996,255,29.099999999999998,137,29.299999999999997,236,20.4,274,21.9,38,30.2,314,34.8,268,50.1,142,51.6,263,69.6,226,70.5,152,34.3,257,36.0,128,56.1,60,47.3,80,7.1,258,7.4,61
Northern Iowa,54.800000000000004,10,48.5,122,27.6,294,25.8,32,28.9,141,22.5,12,18.6,156,15.6,336,38.6,8,33.7,206,52.6,54,47.2,82,75.6,37,68.3,51,41.4,85,36.7,146,45.6,302,43.9,32,6.4,295,7.4,62
USC,49.5,184,44.6,9,35.4,102,28.000000000000004,66,30.599999999999998,89,27.900000000000002,173,20.4,272,18.099999999999998,221,35.0,87,31.3,75,48.1,230,43.1,8,66.2,315,69.8,128,32.1,293,39.4,235,55.1,78,51.0,167,13.3,24,7.5,63
Georgetown,49.1,198,50.8,242,33.900000000000006,143,26.6,47,32.5,42,28.7,209,18.9,186,18.8,166,34.6,105,36.4,316,47.8,251,48.1,128,77.1,16,73.4,304,31.0,309,41.9,303,57.0,47,58.1,315,11.5,55,7.5,64
Sacramento St.,45.4,336,48.0,105,32.1,196,35.3,247,32.2,48,25.900000000000002,82,19.1,199,21.7,39,31.6,262,34.2,236,44.7,337,46.8,76,72.4,122,77.2,352,28.3,340,28.4,8,54.5,98,48.1,92,10.9,74,7.5,65
Nevada,52.900000000000006,36,47.0,65,28.299999999999997,285,36.5,267,25.2,265,24.4,40,16.7,47,15.2,340,38.3,9,29.8,22,49.5,169,48.8,152,75.3,42,71.7,218,42.9,54,44.2,333,55.0,83,50.9,164,10.5,87,7.5,66
Indiana St.,51.7,75,50.6,233,32.300000000000004,190,33.5,212,23.599999999999998,299,25.7,80,16.900000000000002,53,19.1,148,37.5,17,31.8,97,49.3,182,52.3,287,71.3,169,69.8,124,34.2,259,36.8,152,50.9,198,52.3,206,9.9,112,7.5,67
Arkansas Pine Bluff,43.1,348,48.9,142,37.4,60,46.300000000000004,343,27.1,204,30.7,296,26.200000000000003,351,20.599999999999998,77,26.3,351,31.1,65,44.6,340,50.2,209,58.5,352,67.9,41,28.8,335,36.9,161,47.7,267,57.6,310,9.7,119,7.5,68
Nebraska Omaha,49.9,156,52.6,300,27.6,295,29.5,110,27.200000000000003,200,26.700000000000003,123,17.0,59,16.0,321,34.0,139,36.1,306,49.4,180,51.5,261,71.3,167,73.6,309,30.2,315,39.7,247,43.6,328,53.5,234,8.6,169,7.5,69
Evansville,48.6,221,52.800000000000004,311,32.4,185,33.300000000000004,210,19.900000000000002,349,25.6,77,18.4,139,17.2,278,31.9,242,35.6,299,49.2,187,52.5,293,72.8,113,74.7,332,42.6,60,29.5,10,53.2,138,41.2,11,5.6,322,7.5,70
Rhode Island,46.9,295,47.4,82,37.1,67,28.499999999999996,79,30.4,98,28.599999999999998,202,16.400000000000002,38,20.9,56,31.5,265,29.7,21,46.7,284,49.1,165,67.6,282,70.5,154,29.1,332,37.6,181,48.3,253,52.8,220,10.3,95,7.6,71
Bethune Cookman,46.400000000000006,312,48.3,118,37.4,59,38.800000000000004,298,29.599999999999998,119,30.9,300,20.1,258,20.4,81,31.7,255,28.0,4,45.9,308,51.6,265,70.0,215,66.8,25,31.6,298,34.5,82,45.9,296,50.1,141,6.3,300,7.6,72
Colorado St.,53.900000000000006,22,51.6,270,39.2,38,24.099999999999998,21,26.3,229,23.799999999999997,25,18.6,157,17.599999999999998,253,36.9,29,34.4,245,53.0,44,51.5,259,67.9,271,72.4,258,38.9,139,42.5,314,58.1,28,51.7,190,5.8,317,7.6,73
Kentucky,50.7,124,45.300000000000004,19,40.699999999999996,20,32.1,181,30.9,79,28.499999999999996,196,18.099999999999998,123,17.299999999999997,273,34.3,116,30.7,51,50.4,125,44.9,27,79.8,1,68.8,72,26.6,350,38.4,206,52.1,169,46.7,64,13.6,18,7.7,74
Portland,48.6,222,51.6,274,33.5,153,31.2,157,19.3,350,30.599999999999998,295,19.8,247,18.2,214,34.4,113,35.0,276,47.0,270,51.0,245,68.1,266,66.2,15,35.6,229,39.6,241,54.5,100,59.8,333,9.9,116,7.7,75
Louisiana Monroe,47.699999999999996,264,48.3,117,32.2,193,34.0,221,25.6,253,30.5,293,20.5,283,16.8,297,33.7,152,31.7,93,46.3,297,48.8,155,67.7,276,71.4,200,34.8,245,37.5,176,53.2,143,53.2,227,9.1,147,7.7,76
San Jose St.,45.2,341,54.1,336,34.1,138,34.4,228,24.5,286,30.4,289,18.5,152,17.599999999999998,252,29.6,330,36.6,321,45.9,314,53.6,320,71.8,149,69.7,118,46.3,21,34.3,77,54.7,91,62.6,349,8.2,194,7.7,77
Dartmouth,49.8,162,49.3,160,27.400000000000002,300,29.7,115,21.2,337,20.9,2,18.9,181,16.8,295,31.3,279,32.5,138,51.6,88,49.6,183,67.5,288,64.2,4,39.7,116,43.3,326,50.7,204,49.3,115,7.8,219,7.7,78
Missouri St.,49.8,160,49.6,182,28.7,276,33.2,209,31.900000000000002,58,22.7,15,19.7,232,18.2,213,35.4,61,33.8,214,48.1,233,49.0,160,74.9,59,71.2,190,33.8,263,38.7,217,46.4,292,46.9,72,7.7,228,7.7,79
Ohio,51.300000000000004,95,49.1,146,29.599999999999998,251,32.800000000000004,198,26.6,219,24.8,47,18.7,163,18.099999999999998,217,34.2,122,33.3,184,51.3,102,48.5,142,68.8,251,78.8,353,42.8,58,40.5,267,56.1,63,47.6,86,6.8,276,7.7,80
Mississippi Valley St.,43.0,350,54.0,334,22.900000000000002,347,36.1,263,23.5,302,35.9,352,18.2,132,17.599999999999998,251,29.4,333,34.1,232,42.2,351,55.5,345,64.8,329,68.4,62,41.2,90,34.6,84,41.7,342,59.4,327,6.6,291,7.7,81
Illinois Chicago,50.8,118,46.1,32,29.4,255,36.6,270,27.700000000000003,181,28.199999999999996,185,22.5,339,17.7,245,33.8,144,28.8,11,50.8,114,47.9,112,67.8,273,66.2,16,37.8,167,38.6,212,56.1,62,56.5,295,12.0,41,7.8,82
St. Francis NY,46.400000000000006,310,49.5,177,27.200000000000003,303,36.5,268,27.200000000000003,201,29.099999999999998,230,18.2,130,19.1,149,29.3,334,35.3,287,47.7,253,47.8,107,73.0,104,71.2,191,34.7,248,32.9,48,46.0,295,46.7,68,11.6,50,7.8,83
Prairie View A&M,47.4,272,47.8,97,40.5,23,49.2,351,27.900000000000002,178,28.1,179,20.200000000000003,261,23.7,10,30.3,310,28.7,10,48.1,229,50.6,228,71.2,173,69.6,114,26.7,349,37.3,173,57.7,35,53.8,238,8.8,160,7.8,84
Iowa St.,49.8,163,51.800000000000004,281,28.499999999999996,282,28.000000000000004,69,29.2,132,31.6,314,18.7,167,20.599999999999998,71,31.6,263,35.9,304,51.3,103,50.5,222,74.6,67,69.2,94,37.7,169,36.8,151,53.0,144,49.5,121,11.2,62,7.9,85
Maine,46.2,315,49.9,201,26.8,310,32.800000000000004,199,28.199999999999996,164,28.4,192,22.900000000000002,344,18.6,186,28.2,343,32.1,115,49.3,183,51.3,254,71.3,166,75.6,342,43.2,49,45.4,341,61.6,8,54.3,251,11.2,64,7.9,86
Jackson St.,45.2,340,48.6,129,35.6,99,43.6,334,26.6,220,29.7,259,18.2,131,22.8,20,26.3,350,33.8,219,47.6,255,47.7,101,66.9,300,71.6,215,28.7,336,32.1,36,44.0,325,51.5,186,10.0,108,7.9,87
Dayton,59.699999999999996,1,46.6,52,33.900000000000006,141,30.9,147,26.400000000000002,226,26.6,119,18.0,111,18.8,165,37.1,27,33.0,163,62.3,1,45.1,32,72.0,141,64.4,5,39.0,132,33.2,59,60.2,14,47.2,77,9.2,140,7.9,88
UNC Asheville,52.5,53,56.89999999999999,350,35.199999999999996,108,38.3,295,23.0,311,29.4,248,16.400000000000002,39,22.5,25,35.3,63,37.4,335,52.2,66,57.2,351,66.3,314,66.0,12,37.1,185,31.4,25,38.5,352,51.2,176,6.1,306,7.9,89
Marshall,50.2,145,46.300000000000004,38,28.599999999999998,278,37.6,286,27.900000000000002,176,32.1,329,19.3,216,20.0,101,31.7,256,33.6,204,51.9,80,44.3,18,66.7,304,69.3,101,38.5,146,33.0,50,50.4,208,40.8,10,13.6,17,8.0,90
Tennessee St.,53.0,35,47.0,64,32.0,200,38.2,293,30.7,87,27.900000000000002,172,24.7,350,17.1,282,35.7,51,31.5,80,52.7,51,46.8,74,65.3,323,72.1,246,37.1,187,37.7,184,52.7,151,45.4,47,11.2,61,8.0,91
St. Bonaventure,49.1,197,49.3,163,27.200000000000003,302,33.0,203,30.9,80,26.6,117,17.4,73,17.7,240,34.1,131,32.8,153,48.1,232,49.3,173,73.7,87,68.9,78,33.5,271,45.7,343,53.8,121,61.0,338,10.8,78,8.0,92
Fresno St.,49.8,158,49.7,187,29.5,253,28.199999999999996,75,30.5,92,26.5,112,19.400000000000002,219,15.4,337,33.7,154,36.3,308,49.0,198,46.3,65,71.7,152,75.8,345,49.1,7,41.3,287,51.2,188,51.3,179,10.7,79,8.0,93
Arizona,50.7,121,45.300000000000004,18,36.7,73,35.199999999999996,244,30.7,85,25.900000000000002,84,16.7,48,20.599999999999998,69,35.2,68,31.2,66,49.6,160,44.4,20,73.2,96,73.1,287,34.7,250,37.7,185,57.9,32,51.3,178,10.6,81,8.0,94
Vermont,51.7,76,44.800000000000004,11,31.3,211,31.5,164,27.6,184,22.7,16,17.2,62,19.0,153,33.0,188,32.2,120,53.4,32,42.4,4,71.8,146,71.1,181,43.6,44,40.6,272,53.5,131,49.5,120,10.5,85,8.0,95
North Carolina A&T,47.099999999999994,284,47.699999999999996,93,41.4,9,42.0,328,28.499999999999996,156,30.4,288,20.599999999999998,293,21.4,47,29.6,329,29.2,15,48.4,212,50.2,207,60.9,350,63.7,2,32.1,292,38.6,213,56.4,55,53.0,223,10.0,109,8.0,96
Memphis,49.7,165,41.199999999999996,1,39.900000000000006,27,35.0,239,30.0,112,29.4,245,22.3,338,20.200000000000003,94,32.9,192,28.0,3,50.0,144,40.7,1,67.9,269,68.7,71,35.2,237,36.5,142,56.5,53,52.5,210,15.3,6,8.1,97
West Virginia,46.5,306,44.6,10,40.5,22,37.1,280,40.1,1,27.6,152,20.7,297,22.400000000000002,29,28.6,338,28.8,13,48.0,237,45.4,39,64.2,334,71.5,212,29.6,328,37.5,178,49.5,231,47.6,88,10.5,84,8.1,98
Grambling St.,47.599999999999994,266,48.5,127,38.800000000000004,42,36.4,266,28.1,168,29.2,233,20.3,270,20.0,104,30.0,320,33.2,181,48.6,207,47.7,99,67.6,279,68.2,50,27.7,343,38.4,205,50.1,218,59.5,328,10.1,105,8.1,99
UTEP,47.3,277,47.4,81,33.0,166,33.0,200,23.3,308,26.400000000000002,111,19.6,228,19.2,147,29.9,322,29.9,27,49.0,193,48.8,153,75.4,40,70.8,168,40.8,95,36.4,139,54.0,118,48.5,100,8.5,170,8.1,100
Cal St. Northridge,51.6,81,54.7,339,30.4,238,28.999999999999996,92,25.2,263,32.0,326,16.3,34,17.299999999999997,269,37.3,24,38.7,348,49.4,181,52.4,291,72.6,119,72.1,244,33.9,261,40.8,278,50.7,203,54.5,260,8.3,184,8.1,101
Coastal Carolina,50.1,148,50.0,204,34.699999999999996,124,45.800000000000004,340,35.9,7,27.800000000000004,163,21.9,327,18.4,199,33.1,183,33.6,202,50.4,126,49.7,189,71.7,154,72.5,265,35.5,232,44.5,336,48.4,252,57.4,307,8.1,200,8.1,102
Coppin St.,46.1,320,48.6,128,32.9,170,30.2,129,23.599999999999998,298,28.7,213,19.1,201,19.7,114,28.1,344,33.4,194,49.5,172,47.5,94,63.6,339,68.3,55,47.1,16,40.7,275,41.8,340,56.9,300,7.8,224,8.1,103
Belmont,54.800000000000004,11,47.8,94,22.900000000000002,345,24.3,23,24.7,280,26.700000000000003,125,16.0,27,19.5,127,34.8,94,33.2,179,56.8,5,46.7,71,71.0,180,64.2,3,43.6,42,34.6,83,60.4,12,47.3,79,7.6,231,8.1,104
Illinois,48.3,234,47.0,67,32.2,192,23.9,19,35.6,9,25.7,78,17.9,102,16.6,304,30.3,313,33.0,169,49.6,166,45.8,46,72.6,117,72.2,248,30.6,312,32.5,41,50.0,220,46.5,58,7.1,257,8.1,105
Bowling Green,47.599999999999994,265,48.9,141,28.1,288,33.5,214,28.1,167,26.700000000000003,122,15.1,8,16.400000000000002,309,34.3,117,33.4,188,45.3,325,48.1,132,75.1,51,68.6,64,36.6,207,38.2,200,46.3,294,39.7,6,5.9,309,8.1,106
Gardner Webb,51.800000000000004,70,49.4,168,34.8,121,31.4,160,27.400000000000002,194,30.0,270,18.099999999999998,125,17.599999999999998,250,36.4,39,33.1,170,50.0,146,49.2,168,68.9,249,71.2,192,38.9,138,42.2,307,53.3,137,55.9,287,13.3,26,8.2,107
Texas St.,48.9,204,46.9,62,35.199999999999996,107,39.0,302,29.599999999999998,121,29.799999999999997,261,16.6,46,21.2,50,31.8,244,32.1,112,49.4,176,46.2,58,75.2,46,71.8,225,28.4,338,35.9,125,55.5,69,49.8,127,8.9,155,8.2,108
Illinois St.,49.9,157,51.5,265,25.2,333,31.0,153,25.2,264,27.3,144,21.0,307,19.400000000000002,137,35.9,46,34.4,246,47.0,269,51.5,262,70.0,214,71.7,221,42.2,68,39.1,226,51.1,194,53.4,231,7.2,256,8.2,109
Appalachian St.,48.4,229,49.8,198,41.199999999999996,11,27.3,56,26.900000000000002,207,27.700000000000003,161,19.5,225,20.3,88,30.2,315,32.4,132,50.3,131,50.6,227,67.0,299,72.0,241,38.5,147,38.9,221,48.9,241,55.5,282,6.5,293,8.2,110
Syracuse,50.5,132,48.3,114,35.699999999999996,94,30.2,128,29.599999999999998,118,32.2,330,16.5,43,20.3,84,32.9,190,32.2,121,51.4,94,48.3,137,74.0,82,73.0,283,42.2,71,47.9,350,55.0,84,72.4,353,14.7,11,8.3,111
Indiana,49.3,190,47.9,101,39.2,37,32.6,194,32.4,44,24.5,41,18.3,134,17.8,233,32.6,203,32.2,122,49.5,170,47.6,95,67.9,270,68.3,53,29.6,325,38.6,214,51.0,196,51.3,180,12.6,32,8.3,112
LSU,52.7,42,49.4,167,35.4,103,26.400000000000002,41,35.099999999999994,15,28.499999999999996,195,17.599999999999998,82,16.6,303,32.7,198,34.5,255,54.7,17,47.8,105,76.9,20,68.8,73,34.3,255,41.4,292,44.9,314,48.4,99,10.6,80,8.3,113
William & Mary,53.5,29,49.5,173,30.599999999999998,232,26.5,44,24.6,281,23.799999999999997,26,18.8,168,14.299999999999999,350,35.2,78,35.6,295,54.0,27,47.4,90,74.5,69,71.4,199,39.0,136,35.5,113,53.2,141,44.6,39,9.9,110,8.3,114
Portland St.,49.6,173,52.900000000000006,312,30.8,228,32.1,182,35.9,6,34.300000000000004,347,17.7,88,20.3,85,33.8,143,34.6,259,49.2,186,53.3,312,72.3,128,71.5,205,30.5,313,30.2,13,47.4,272,54.1,246,9.6,123,8.3,115
East Carolina,46.7,301,50.1,217,36.8,72,40.2,312,27.200000000000003,203,26.400000000000002,108,19.2,210,18.7,172,28.1,345,33.7,212,49.0,197,49.7,190,72.2,134,66.9,26,32.8,283,42.8,320,57.2,43,56.4,292,9.0,151,8.3,116
Santa Clara,52.2,61,48.699999999999996,131,35.9,88,37.8,287,20.8,340,26.5,115,18.7,165,18.9,162,34.9,88,34.5,251,52.1,72,47.2,83,73.7,86,72.4,252,36.0,221,32.5,40,57.0,46,50.1,137,8.3,182,8.3,117
Fairfield,43.1,349,48.3,119,35.9,87,31.1,154,30.2,103,26.3,98,21.3,313,19.400000000000002,138,28.4,342,35.0,279,43.4,346,45.9,50,69.5,229,71.5,207,29.1,333,36.8,153,42.4,334,51.5,187,8.2,188,8.3,118
Clemson,50.1,147,48.3,115,28.9,272,28.7,86,23.3,306,24.5,44,18.5,147,20.0,99,31.5,267,32.6,144,52.6,53,47.9,110,68.6,256,71.5,210,46.4,20,44.1,332,54.6,97,51.6,188,7.8,220,8.3,119
Florida A&M,45.4,335,51.5,269,38.7,45,41.199999999999996,321,31.2,73,31.7,317,21.2,312,21.6,41,28.4,340,30.6,48,46.2,301,54.6,334,63.5,341,67.8,38,23.8,352,35.2,108,40.8,346,49.1,111,5.2,338,8.3,120
South Carolina,48.6,220,45.2,17,36.8,70,53.0,353,32.1,51,28.599999999999998,200,18.099999999999998,124,21.4,44,31.0,288,29.6,18,49.5,168,45.7,45,62.8,344,73.1,291,29.7,323,39.8,251,53.5,130,54.3,254,13.3,25,8.4,121
Drake,51.7,78,50.1,209,30.4,236,30.5,135,23.5,301,23.3,20,19.2,206,17.9,228,34.9,90,37.2,330,51.3,104,46.3,62,71.3,162,73.9,320,38.5,148,39.5,237,60.4,13,49.1,107,11.9,43,8.4,122
Eastern Michigan,46.300000000000004,314,49.5,178,42.5,6,30.9,144,25.4,260,30.5,294,21.7,324,23.1,17,26.7,349,34.2,238,50.1,141,47.9,113,62.4,345,70.2,143,38.3,153,46.8,346,40.4,348,65.3,352,11.0,71,8.4,123
East Tennessee St.,53.5,28,49.8,194,36.9,69,33.1,205,31.8,60,26.200000000000003,95,18.2,128,22.400000000000002,28,33.9,140,31.7,92,55.2,10,51.1,247,70.2,208,69.9,131,39.2,127,38.2,196,50.7,202,47.1,75,10.3,94,8.4,124
McNeese St.,54.900000000000006,8,51.5,263,35.699999999999996,96,29.599999999999998,112,30.099999999999998,105,31.7,318,22.7,343,17.599999999999998,259,37.3,23,37.3,331,54.3,22,48.7,147,72.2,133,75.3,339,35.9,225,39.0,224,55.9,66,54.4,257,10.2,98,8.4,125
UCLA,48.4,228,50.9,246,37.6,56,35.199999999999996,243,34.5,21,25.4,64,19.5,224,19.400000000000002,134,32.2,225,38.3,346,48.4,219,46.9,79,71.9,145,72.4,256,33.5,272,38.0,191,53.6,125,47.7,89,9.9,111,8.4,126
American,51.6,83,49.7,185,28.599999999999998,279,36.7,273,26.700000000000003,216,29.299999999999997,238,17.9,107,19.900000000000002,106,34.0,136,31.9,104,51.9,79,50.5,220,70.3,202,69.8,126,34.7,247,31.5,26,48.1,257,47.8,91,9.3,134,8.4,127
Fordham,45.0,343,47.199999999999996,76,27.0,305,33.1,207,21.4,335,26.3,105,18.9,183,21.0,53,31.8,245,30.3,38,43.1,347,48.8,156,66.2,316,68.3,54,41.7,80,47.1,347,54.3,110,61.5,342,9.2,145,8.4,128
Oakland,48.1,242,49.3,164,37.4,61,26.200000000000003,40,28.499999999999996,154,30.3,283,19.900000000000002,253,17.7,243,29.4,332,32.8,156,50.6,121,49.5,179,69.1,244,67.2,29,38.2,157,42.7,315,57.3,42,57.1,303,8.8,163,8.4,129
Seattle,45.300000000000004,337,48.699999999999996,136,34.8,120,41.699999999999996,326,26.8,212,27.900000000000002,175,13.600000000000001,1,18.8,164,31.2,280,31.6,89,44.3,343,49.4,178,77.0,18,73.4,305,37.7,171,34.0,70,41.9,338,49.2,113,7.9,211,8.4,130
Richmond,53.5,26,47.699999999999996,90,27.800000000000004,292,30.2,130,22.6,321,26.3,104,15.6,17,19.900000000000002,105,36.2,41,30.5,42,53.0,40,49.1,162,77.6,14,68.1,42,37.9,166,41.0,282,56.8,50,47.4,83,7.4,238,8.4,131
St. Francis PA,51.5,88,50.9,245,32.6,176,27.6,63,32.7,39,29.5,250,17.5,79,19.2,144,36.0,45,33.6,200,50.3,134,51.2,252,75.1,52,72.0,236,29.8,319,39.1,228,41.5,344,50.6,156,7.4,239,8.4,132
Tennessee Martin,50.9,113,58.4,353,32.5,182,28.199999999999996,73,30.4,97,34.4,348,18.5,155,16.900000000000002,291,33.3,180,39.2,352,51.4,100,58.1,352,75.3,44,69.8,122,38.1,159,41.5,293,43.9,326,60.7,336,6.7,284,8.4,133
FIU,51.7,73,47.9,100,29.299999999999997,260,30.5,136,30.2,102,35.5,350,20.4,277,21.3,49,34.1,124,28.6,7,52.1,68,50.6,225,64.6,331,73.2,294,41.4,88,35.7,118,50.5,206,49.3,116,15.4,5,8.5,134
Stony Brook,47.699999999999996,262,46.300000000000004,39,33.300000000000004,158,27.400000000000002,58,28.4,157,27.3,143,20.7,296,18.4,198,33.5,166,33.6,201,45.9,311,43.3,9,72.2,131,69.3,97,42.9,53,41.8,298,46.8,281,57.8,313,13.1,28,8.5,135
Lamar,48.0,246,50.9,247,34.9,114,27.6,62,28.9,142,32.5,333,20.200000000000003,264,22.6,24,33.3,174,35.0,277,47.1,268,49.9,200,71.7,155,69.3,99,30.7,311,37.5,177,51.2,185,53.1,226,10.9,75,8.5,136
SIU Edwardsville,46.9,292,51.2,257,30.099999999999998,244,40.6,316,27.500000000000004,191,29.7,258,19.8,244,18.3,204,31.0,290,33.4,190,47.1,267,52.0,275,68.3,263,73.2,292,31.2,306,40.5,271,55.0,82,61.1,340,8.5,174,8.5,137
Louisiana Lafayette,48.0,249,51.6,275,34.9,115,32.800000000000004,197,28.599999999999998,152,29.799999999999997,262,19.0,195,18.7,170,32.1,232,33.9,221,47.9,244,52.0,274,74.3,76,73.8,315,41.1,92,36.8,149,46.4,291,50.3,149,8.1,198,8.5,138
Akron,51.7,74,45.9,29,35.5,101,29.099999999999998,93,27.400000000000002,192,29.2,235,17.9,106,18.4,196,36.2,42,31.5,79,49.6,161,45.2,35,76.9,19,66.3,18,44.3,33,34.0,69,50.7,201,43.3,24,7.2,249,8.5,139
Southern,47.9,254,48.699999999999996,135,34.5,127,48.8,348,31.6,64,25.3,62,20.3,267,19.7,116,31.3,276,31.8,100,48.3,222,49.1,164,67.6,281,68.4,60,29.9,317,31.7,28,52.9,145,42.8,19,6.8,273,8.5,140
Southeastern Louisiana,46.800000000000004,298,53.7,327,31.4,210,42.5,331,28.000000000000004,170,34.0,342,22.2,337,22.3,33,29.9,321,32.9,162,47.9,242,56.1,348,67.4,291,75.0,338,35.9,224,35.9,123,49.5,229,58.4,319,4.9,348,8.5,141
Virginia,46.9,293,43.1,2,26.6,314,21.6,5,26.400000000000002,225,23.200000000000003,18,20.1,255,19.3,140,30.3,312,29.3,16,47.8,247,42.5,6,71.7,150,68.8,75,37.0,188,42.7,316,54.8,89,47.3,81,16.5,1,8.6,142
Saint Louis,50.1,149,46.1,33,39.800000000000004,29,36.6,269,34.2,22,25.2,56,18.8,169,19.6,120,34.2,119,32.4,129,49.7,157,44.5,23,57.1,353,69.5,112,27.1,346,39.9,256,54.5,101,49.7,124,12.7,31,8.6,143
Penn St.,49.5,178,46.400000000000006,44,31.0,220,31.8,172,29.2,133,27.6,154,15.8,21,18.6,178,32.5,206,32.5,135,50.0,145,45.2,34,69.2,236,68.3,52,39.6,119,32.9,47,53.2,139,49.3,114,12.1,38,8.6,144
North Carolina St.,50.8,117,47.8,95,28.499999999999996,281,35.4,253,28.799999999999997,148,30.9,301,16.900000000000002,56,20.1,95,31.8,248,31.6,88,52.6,52,48.0,119,71.0,181,69.0,85,35.6,230,32.8,45,48.8,244,43.3,25,11.6,48,8.6,145
UAB,49.7,164,49.3,161,35.099999999999994,109,27.0,53,31.8,59,24.3,38,22.2,334,18.3,205,31.7,258,34.0,227,50.6,122,48.1,127,71.2,172,70.6,160,29.5,330,41.6,297,41.8,341,48.1,95,8.8,158,8.6,146
Wofford,53.5,27,51.6,271,25.7,327,31.8,174,25.0,274,24.5,43,17.9,100,17.8,232,34.3,115,33.3,183,55.4,7,52.8,299,70.9,183,71.9,232,47.8,12,43.6,328,50.2,215,50.8,162,8.4,178,8.6,147
Jacksonville,48.0,250,46.6,53,30.099999999999998,242,28.7,85,29.4,125,26.5,114,20.3,268,16.0,323,31.7,261,30.4,41,48.3,221,47.2,85,66.8,303,71.2,193,34.9,242,39.6,242,45.5,305,45.2,44,8.0,202,8.6,148
San Francisco,51.300000000000004,96,50.2,219,29.4,258,31.900000000000002,177,28.999999999999996,140,24.099999999999998,34,17.299999999999997,67,18.5,188,33.5,165,37.6,336,52.2,67,47.7,98,71.4,161,71.9,231,43.2,48,29.3,9,44.8,315,42.0,15,7.9,207,8.6,149
Colorado,50.5,130,46.9,59,36.199999999999996,81,26.1,37,30.3,100,23.9,27,19.2,207,19.400000000000002,133,35.1,83,34.2,233,49.1,191,44.8,25,73.6,88,71.1,178,38.6,144,32.1,34,54.3,106,46.4,57,7.8,217,8.6,150
Cal Poly,47.3,278,52.6,303,33.7,148,43.4,333,22.8,319,28.599999999999998,206,19.1,200,18.4,197,34.0,137,37.3,332,45.5,322,50.8,240,68.0,268,72.9,281,33.6,268,35.5,114,42.5,333,55.0,278,6.8,281,8.6,151
Oral Roberts,50.9,112,51.7,277,28.199999999999996,287,31.7,167,28.999999999999996,139,26.900000000000002,136,13.8,2,18.2,206,33.3,178,34.1,230,51.4,99,52.0,273,76.4,25,73.8,314,36.8,201,38.8,218,44.9,313,49.9,132,6.6,287,8.6,152
VCU,49.7,167,48.1,108,33.0,167,35.9,258,27.500000000000004,189,30.099999999999998,277,17.8,97,24.5,6,34.6,102,33.7,207,48.4,216,46.8,75,69.6,224,70.6,161,37.2,182,34.8,96,52.8,147,52.6,214,12.4,35,8.7,153
Arkansas,50.9,116,47.3,79,42.5,5,40.9,320,21.5,333,31.4,313,15.9,25,22.1,35,33.4,171,27.2,2,51.5,89,50.5,221,73.1,101,70.1,137,39.9,114,33.3,61,47.2,276,41.9,14,10.1,99,8.7,154
Western Kentucky,51.2,102,50.2,220,39.6,34,21.0,4,25.5,254,31.1,307,17.7,86,19.3,139,33.3,176,30.0,31,52.0,73,53.5,316,78.7,7,73.7,310,36.7,206,38.4,204,42.4,335,47.3,82,10.0,106,8.7,155
Xavier,49.0,200,46.400000000000006,46,30.9,223,28.9,89,32.2,46,27.6,153,19.8,241,18.6,184,31.2,281,30.5,45,50.2,137,46.7,73,65.8,319,72.7,274,34.7,249,36.3,137,55.2,75,49.6,122,9.4,131,8.7,156
Fairleigh Dickinson,51.1,104,52.5,298,29.799999999999997,248,31.900000000000002,176,26.5,222,31.7,319,18.5,154,18.0,222,35.7,49,34.7,261,49.7,159,52.8,300,72.1,140,70.0,133,36.1,217,39.8,250,45.6,304,56.4,294,9.0,152,8.7,157
Northern Illinois,47.199999999999996,281,47.199999999999996,73,27.400000000000002,298,32.2,186,30.5,94,24.3,39,18.0,109,17.0,284,33.7,150,30.8,54,45.2,327,48.0,126,67.6,280,72.4,259,36.8,199,43.5,327,41.0,345,51.7,193,8.5,172,8.7,158
Sam Houston St.,50.7,122,50.5,230,32.1,197,44.7,339,27.3,199,30.8,299,18.8,179,24.3,7,34.8,93,32.1,109,49.8,152,52.2,281,74.1,80,74.0,323,35.3,236,42.3,309,54.6,96,54.3,253,8.5,173,8.7,159
Colgate,52.800000000000004,40,49.8,195,24.9,336,23.799999999999997,18,27.900000000000002,171,26.3,99,15.7,19,17.299999999999997,268,35.7,50,31.4,77,52.1,71,51.4,257,74.9,61,65.4,7,46.0,23,38.6,209,52.2,166,50.1,140,7.9,212,8.7,160
Youngstown St.,47.4,275,50.1,216,30.0,246,30.9,148,35.6,10,29.5,249,17.8,95,16.5,306,31.2,283,34.3,243,47.8,250,49.4,176,69.6,225,69.8,127,37.5,174,33.7,65,46.8,279,49.0,105,6.4,296,8.7,161
New Hampshire,46.800000000000004,299,47.199999999999996,75,25.8,323,39.1,304,28.199999999999996,166,21.4,6,18.4,138,16.3,314,33.0,189,31.6,87,44.8,334,47.0,81,66.7,305,68.9,82,42.4,63,37.7,182,52.4,159,39.9,7,5.4,331,8.7,162
North Dakota,50.6,126,52.400000000000006,296,36.7,76,29.799999999999997,116,24.8,277,25.5,72,19.0,192,15.1,345,32.4,215,37.3,333,51.9,82,50.9,241,75.9,35,74.6,331,40.7,97,30.9,20,47.7,265,44.3,36,5.3,337,8.7,163
UC Davis,52.300000000000004,55,54.1,335,31.8,203,35.9,259,22.900000000000002,313,27.800000000000004,168,18.8,174,19.7,113,39.1,3,35.0,275,48.5,211,55.0,337,78.5,9,71.8,224,37.3,179,38.2,198,49.2,235,58.3,317,5.2,341,8.7,164
Saint Mary's,54.2,21,50.8,239,30.8,227,28.000000000000004,68,25.1,266,23.599999999999998,21,14.899999999999999,6,17.7,238,38.8,4,34.0,224,51.9,81,50.7,234,75.4,41,71.6,213,35.8,226,31.9,32,42.8,332,38.6,4,5.1,342,8.7,165
Tennessee,48.8,209,45.9,30,37.3,62,35.3,246,30.5,95,30.099999999999998,274,20.5,282,19.6,124,31.3,277,33.1,175,49.9,150,44.0,15,74.9,57,70.6,156,36.1,218,34.6,86,62.7,4,44.7,40,15.6,4,8.8,166
Seton Hall,51.4,93,45.7,24,34.8,118,32.4,189,29.099999999999998,136,30.4,287,18.6,161,19.5,128,33.5,163,32.0,107,52.3,60,44.4,19,71.5,158,70.1,138,40.5,99,34.5,80,55.8,67,48.4,97,14.9,9,8.8,167
Oregon St.,51.6,86,49.4,170,38.800000000000004,43,30.9,145,26.5,221,28.999999999999996,225,17.299999999999997,71,18.6,179,32.5,207,34.7,265,53.2,38,47.9,109,75.1,50,73.4,306,34.9,244,36.4,140,59.4,17,54.8,268,13.7,16,8.8,168
Morgan St.,45.9,326,47.4,83,40.8,17,49.3,352,33.800000000000004,28,28.999999999999996,223,22.6,340,18.8,167,27.9,347,31.1,64,47.7,252,47.9,115,69.4,233,71.5,208,31.0,308,39.7,246,47.4,273,50.9,165,11.4,57,8.8,169
Alcorn St.,47.3,279,51.4,262,31.1,217,37.1,282,27.700000000000003,182,28.199999999999996,186,20.599999999999998,290,18.0,224,34.2,123,34.0,225,44.7,336,51.6,267,74.8,62,63.5,1,38.4,150,31.9,31,48.2,254,51.5,185,7.9,213,8.8,170
Jacksonville St.,48.699999999999996,216,52.1,287,29.099999999999998,266,28.4,78,31.1,74,25.4,66,20.7,295,19.5,129,31.5,268,32.5,137,49.6,164,54.3,330,69.6,227,69.2,96,35.9,223,38.5,207,52.1,170,55.0,275,7.4,244,8.8,171
North Carolina Central,50.5,133,48.5,124,35.8,90,33.7,215,28.499999999999996,155,32.9,335,22.6,342,22.8,21,30.9,292,30.7,53,52.9,46,50.1,205,65.4,322,70.0,135,36.5,211,38.7,216,52.1,171,51.6,189,7.3,247,8.8,172
Holy Cross,49.3,191,55.900000000000006,347,24.6,338,31.4,162,25.3,262,29.299999999999997,239,20.5,281,15.4,338,32.0,237,37.6,337,50.1,143,55.6,347,67.6,285,70.5,155,38.1,160,33.1,54,46.8,278,48.1,94,7.1,259,8.8,173
Radford,52.6,50,50.1,208,32.5,178,34.300000000000004,226,30.4,99,26.6,118,16.400000000000002,35,16.3,313,35.2,76,32.9,158,52.4,58,50.8,236,64.5,333,67.3,32,38.5,145,45.1,337,49.9,222,53.6,235,7.1,262,8.8,174
Lehigh,49.7,168,52.5,299,26.1,319,32.4,190,25.6,251,26.8,131,19.900000000000002,250,17.0,287,33.7,151,33.9,220,49.4,179,53.7,322,72.8,114,72.4,254,29.8,320,42.0,305,48.0,260,56.0,289,7.0,267,8.8,175
Charleston Southern,48.4,231,52.6,302,25.3,332,28.799999999999997,88,22.8,316,30.099999999999998,278,18.8,177,18.6,181,31.8,251,33.7,211,48.9,200,53.8,324,75.7,36,71.5,204,43.8,41,36.6,143,53.3,135,54.3,255,6.9,272,8.8,176
UMass Lowell,51.6,84,53.300000000000004,320,38.2,48,28.799999999999997,87,27.6,183,29.5,254,18.9,188,18.6,182,33.7,146,34.4,247,52.2,64,54.3,329,70.9,185,71.7,220,35.7,228,36.1,131,54.2,112,48.9,103,6.3,299,8.8,177
Eastern Kentucky,46.5,309,51.7,278,32.5,180,36.3,265,24.9,276,33.6,341,18.9,191,23.3,14,31.3,275,32.1,114,46.2,302,53.7,323,72.3,129,73.1,289,39.1,131,35.0,103,44.3,321,54.4,259,5.5,329,8.8,178
Hawaii,48.8,208,49.2,156,32.2,194,32.5,193,27.6,185,25.900000000000002,85,18.6,158,19.1,150,32.9,193,34.9,273,48.4,217,48.0,124,70.8,186,72.6,271,38.1,162,26.7,3,55.1,77,38.0,3,5.0,344,8.8,179
Air Force,52.900000000000006,38,56.2,349,35.0,112,29.799999999999997,118,22.5,322,22.8,17,18.099999999999998,116,16.400000000000002,310,36.9,31,37.9,342,51.0,110,55.6,346,72.4,125,71.8,226,42.2,69,48.4,351,58.1,29,54.9,270,4.2,351,8.8,180
DePaul,47.9,251,48.8,138,33.300000000000004,161,35.4,252,31.3,71,30.2,280,20.4,275,22.2,34,31.1,285,33.4,189,48.4,214,47.9,114,65.7,320,74.4,330,30.4,314,41.3,289,52.3,163,57.6,309,14.7,10,8.9,181
Providence,47.3,276,47.4,80,35.9,86,37.4,284,33.7,29,28.4,190,19.3,215,21.4,46,33.2,182,31.1,62,45.9,309,47.9,117,69.4,234,70.7,163,36.6,209,36.9,158,58.2,26,51.3,177,9.6,121,8.9,182
Northwestern,46.9,291,49.2,158,25.8,324,28.599999999999998,84,22.0,329,29.299999999999997,242,15.6,18,15.8,328,31.2,284,34.0,228,46.9,277,47.9,116,73.1,99,70.6,157,33.9,260,42.4,311,57.1,45,62.5,348,9.6,126,8.9,183
Stephen F. Austin,53.300000000000004,32,49.6,179,44.0,3,44.6,338,37.3,3,26.8,128,23.599999999999998,349,27.800000000000004,1,37.4,18,34.4,244,52.3,61,48.4,139,69.7,219,72.6,272,27.7,344,37.9,189,52.6,153,53.9,240,9.3,136,8.9,184
South Dakota St.,55.800000000000004,4,48.1,106,32.300000000000004,187,26.0,36,28.199999999999996,161,27.1,140,18.4,140,15.299999999999999,339,35.4,62,30.7,50,57.4,2,49.2,167,71.1,178,68.1,44,36.3,213,36.9,159,50.3,212,43.1,22,8.4,175,8.9,185
Milwaukee,46.800000000000004,300,50.8,243,30.4,237,43.8,336,29.2,135,29.599999999999998,256,18.8,176,20.8,59,31.7,254,35.3,286,46.4,294,49.6,186,70.9,182,72.0,240,39.4,123,35.4,112,48.5,249,50.3,147,8.2,186,8.9,186
UC Riverside,50.0,154,47.199999999999996,72,27.400000000000002,297,32.2,185,26.700000000000003,213,21.9,9,20.3,265,16.2,317,34.9,92,36.6,320,48.2,227,43.4,11,69.5,228,70.0,134,42.1,73,32.6,42,51.2,183,50.2,143,7.3,246,8.9,187
The Citadel,49.6,177,55.00000000000001,342,30.8,229,28.299999999999997,77,20.7,342,30.7,298,20.200000000000003,263,17.4,267,32.4,213,34.8,266,50.6,123,57.1,350,68.6,259,70.6,162,47.7,14,42.8,317,54.7,94,50.0,133,7.2,252,8.9,188
Wagner,46.5,307,54.0,333,29.599999999999998,252,45.9,341,30.099999999999998,107,29.2,232,19.6,229,18.7,173,30.5,303,38.9,351,46.9,278,51.0,246,72.7,116,70.6,158,37.0,189,41.6,295,52.4,160,60.9,337,7.1,263,8.9,189
USC Upstate,47.4,274,53.5,325,34.2,134,39.5,307,25.1,271,29.4,247,18.0,112,18.9,159,32.0,236,35.8,302,47.0,272,53.3,313,68.6,258,71.8,228,36.7,203,39.5,238,51.1,195,48.1,93,7.0,264,8.9,190
Louisiana Tech,53.300000000000004,33,47.199999999999996,71,29.299999999999997,259,32.6,195,30.2,104,26.8,130,18.5,149,20.7,66,35.5,56,31.3,74,53.3,35,47.4,91,66.4,311,70.9,173,39.5,122,40.5,268,47.4,274,50.2,145,6.8,278,8.9,191
Central Michigan,47.5,270,54.50000000000001,338,33.7,149,29.2,95,27.500000000000004,188,28.9,219,17.7,85,21.099999999999998,51,31.4,272,38.9,350,47.7,254,52.1,279,75.1,53,71.2,189,37.5,176,39.0,223,40.7,347,51.2,175,6.8,280,8.9,192
South Carolina St.,46.7,302,53.0,314,39.7,32,38.9,301,30.3,101,28.199999999999996,184,20.5,279,17.599999999999998,256,28.5,339,33.4,193,48.4,215,54.6,333,74.5,71,67.4,33,29.6,324,35.2,106,46.5,286,46.0,54,4.9,347,8.9,193
Duke,52.6,47,45.7,23,35.6,98,30.9,146,34.8,17,28.000000000000004,177,17.8,94,20.200000000000003,91,35.2,69,29.9,24,52.5,55,46.0,51,72.0,142,67.1,28,31.5,301,26.7,4,52.1,167,46.8,70,13.6,19,9.0,194
Rutgers,48.9,207,45.1,14,29.099999999999998,264,27.500000000000004,59,32.0,53,25.4,65,17.9,101,18.9,158,30.8,298,31.2,72,50.1,139,43.8,13,64.5,332,71.7,223,29.6,329,41.6,296,47.8,264,54.6,263,13.6,21,9.0,195
Oklahoma St.,47.8,258,46.7,56,35.199999999999996,106,33.1,206,29.5,123,28.999999999999996,224,19.400000000000002,221,20.599999999999998,72,31.5,266,29.9,26,48.0,238,48.3,138,73.4,92,72.4,253,33.7,265,44.4,335,50.1,219,56.2,290,12.1,39,9.0,196
Georgia Tech,49.8,159,44.6,8,34.8,117,35.699999999999996,254,29.2,134,28.9,216,22.900000000000002,345,19.3,143,31.0,289,28.3,5,51.2,105,45.7,44,67.3,292,71.5,211,29.7,322,33.0,51,53.3,134,51.9,195,11.6,51,9.0,197
Samford,48.0,245,55.800000000000004,346,34.9,116,24.5,25,28.299999999999997,160,33.6,340,20.8,302,18.2,215,33.6,157,38.0,343,46.8,283,54.8,335,74.7,65,68.5,63,32.8,284,45.3,340,44.3,323,62.4,347,9.1,148,9.0,198
Monmouth,47.099999999999994,285,49.5,176,35.6,100,41.699999999999996,325,25.5,257,28.799999999999997,215,17.599999999999998,83,22.400000000000002,27,33.4,170,34.4,248,45.4,323,48.1,131,72.1,139,70.8,171,36.9,193,40.5,269,52.8,148,51.2,171,8.5,171,9.0,199
Louisville,52.5,51,45.1,13,32.2,191,28.999999999999996,91,32.0,54,25.0,49,18.0,110,17.4,265,37.6,15,30.1,33,50.1,138,45.1,33,73.1,98,73.0,284,38.0,165,41.0,281,53.5,132,47.2,78,7.9,210,9.0,200
Butler,52.300000000000004,57,45.800000000000004,27,29.4,254,30.9,149,29.4,126,25.4,67,17.299999999999997,68,17.9,226,34.1,130,33.0,164,52.9,47,43.5,12,72.8,111,71.9,229,36.8,198,37.9,188,50.9,199,52.2,203,7.8,222,9.0,201
Loyola MD,52.7,45,50.9,244,42.5,7,32.4,188,25.7,249,29.799999999999997,264,19.1,202,17.8,234,32.3,220,32.6,143,55.2,11,52.1,276,63.8,337,72.7,275,36.9,194,39.9,254,59.3,18,56.0,288,7.8,223,9.0,202
UMBC,48.3,235,49.7,189,33.7,147,33.7,217,25.6,252,27.6,155,18.5,150,18.9,160,30.2,316,32.6,145,50.3,132,50.3,214,63.7,338,74.7,333,38.7,143,45.3,338,46.5,288,51.1,170,7.7,229,9.0,203
College of Charleston,51.1,106,49.1,147,32.300000000000004,188,32.5,192,22.7,320,29.299999999999997,241,16.3,33,17.7,239,34.9,91,33.2,178,50.3,133,48.7,149,76.3,27,74.4,327,40.1,111,37.6,179,44.5,318,50.6,155,7.2,253,9.0,204
Western Michigan,48.199999999999996,240,50.1,213,35.4,104,31.7,166,24.8,278,29.299999999999997,240,18.8,175,16.2,316,33.1,184,33.8,217,47.3,263,49.8,196,71.5,159,68.9,79,37.7,168,37.1,166,46.8,280,46.7,67,6.1,304,9.0,205
Wyoming,48.0,244,50.1,214,30.5,234,36.8,275,14.2,353,28.599999999999998,207,18.6,160,18.9,161,31.8,249,33.1,174,48.3,225,50.4,218,73.0,107,69.5,105,46.4,19,41.9,299,52.3,164,50.2,142,6.1,305,9.0,206
Idaho St.,50.0,153,53.800000000000004,329,35.8,92,26.0,34,29.2,131,28.599999999999998,203,20.3,269,16.2,318,34.1,132,32.9,160,49.4,177,55.5,344,66.3,313,76.3,349,33.6,270,27.4,5,45.1,310,41.8,13,5.8,313,9.0,207
Central Arkansas,48.5,224,52.400000000000006,297,39.900000000000006,28,34.8,237,28.799999999999997,147,28.9,217,23.0,346,17.8,237,31.2,282,37.8,341,49.8,155,49.9,198,72.2,135,71.7,219,40.6,98,36.9,156,58.3,25,53.8,237,12.2,37,9.1,208
Manhattan,45.7,333,47.5,85,34.1,135,46.0,342,30.099999999999998,108,30.099999999999998,275,20.9,305,22.3,32,30.9,293,34.5,256,45.3,326,45.4,41,62.1,347,68.3,56,39.8,115,33.1,53,58.0,30,57.1,302,11.5,54,9.1,209
Texas Tech,51.800000000000004,72,46.300000000000004,37,34.5,126,35.4,251,27.900000000000002,175,29.2,234,19.7,239,23.1,16,35.6,54,31.0,59,50.9,111,46.2,57,75.4,38,69.4,102,36.6,208,35.7,119,60.8,10,44.2,34,11.4,56,9.1,210
Iona,51.0,109,49.4,171,33.7,145,34.2,223,25.1,268,31.7,320,20.5,284,18.7,177,33.3,177,36.3,310,51.8,84,46.0,52,77.0,17,64.9,6,42.4,62,39.2,230,54.8,87,58.4,318,10.4,91,9.1,211
Utah St.,51.800000000000004,69,46.400000000000006,42,36.3,77,26.8,49,30.7,84,22.400000000000002,11,18.2,127,17.5,261,32.9,194,32.3,127,53.3,36,44.9,26,76.3,26,70.4,146,38.2,158,41.9,301,60.9,9,48.8,101,8.8,159,9.1,212
San Diego,45.9,325,50.1,218,31.4,209,31.900000000000002,175,24.8,279,27.6,156,20.200000000000003,260,17.9,230,30.6,301,31.9,105,45.9,310,51.1,250,67.6,283,71.4,202,34.4,253,31.6,27,50.1,217,47.0,73,8.3,181,9.1,213
Georgia,50.9,114,50.7,237,33.6,151,31.5,163,31.6,63,30.099999999999998,273,20.1,257,17.9,229,30.1,319,32.0,108,54.5,19,52.1,277,70.3,203,66.2,14,38.7,141,34.8,95,49.8,223,46.3,56,7.9,209,9.1,214
Davidson,53.400000000000006,31,49.4,166,31.5,207,32.7,196,24.6,284,24.8,48,16.5,40,17.2,275,36.8,32,33.2,177,52.0,74,49.1,163,76.2,31,71.0,174,44.4,32,37.0,162,55.9,65,50.1,138,7.6,232,9.1,215
Middle Tennessee,47.4,273,54.7,340,30.599999999999998,233,39.7,309,27.200000000000003,202,28.199999999999996,187,20.5,280,19.400000000000002,135,33.0,187,38.1,345,45.9,315,53.4,315,66.7,307,70.7,166,42.2,67,33.8,67,52.3,161,52.8,219,7.5,235,9.1,216
Binghamton,47.9,256,53.300000000000004,321,22.5,349,30.3,132,25.7,248,31.6,316,17.7,87,14.2,351,32.4,216,34.6,260,47.2,266,54.2,328,72.4,124,65.7,9,48.3,10,38.4,202,45.8,300,51.7,191,7.2,255,9.1,217
Delaware St.,47.0,287,54.0,332,33.5,154,43.8,335,26.0,237,30.0,271,19.8,245,18.7,176,30.9,295,34.8,267,47.4,260,55.3,342,68.5,261,71.3,197,39.3,126,40.9,279,40.2,349,57.1,304,6.2,303,9.1,218
Duquesne,51.2,101,48.0,103,32.800000000000004,171,29.2,97,29.5,122,30.5,291,18.5,153,20.200000000000003,93,31.8,247,30.1,35,53.8,28,49.7,187,70.3,201,65.9,10,43.1,50,36.9,155,56.5,54,53.0,222,14.5,12,9.2,219
Michigan St.,52.6,48,43.3,3,30.8,225,29.299999999999997,102,32.800000000000004,38,26.0,89,18.099999999999998,118,15.8,331,34.8,97,28.7,9,52.9,45,43.4,10,75.0,54,70.3,144,37.5,175,37.7,183,65.0,1,55.7,283,13.4,23,9.2,220
Buffalo,48.8,210,48.9,140,27.400000000000002,299,30.4,134,34.699999999999996,19,28.7,208,18.4,142,19.0,156,31.5,269,31.3,76,49.8,151,49.8,194,68.4,262,73.3,302,37.6,173,34.2,74,50.5,205,47.1,76,10.9,73,9.2,221
Little Rock,52.800000000000004,39,49.0,144,45.300000000000004,2,34.4,227,30.099999999999998,106,28.7,211,22.1,333,19.6,126,35.1,82,34.5,250,52.9,48,47.3,86,71.1,175,69.5,108,33.1,276,38.5,208,59.5,15,49.7,123,10.5,86,9.2,222
SMU,52.1,63,49.2,153,31.7,204,28.199999999999996,74,34.1,23,28.999999999999996,222,19.8,243,18.7,175,32.3,219,34.4,249,54.7,16,47.4,89,76.2,30,73.9,319,42.8,57,43.0,324,60.6,11,59.6,329,9.6,125,9.2,223
Notre Dame,50.4,134,47.5,84,25.0,334,19.7,2,26.900000000000002,206,28.1,180,14.2,3,16.8,293,34.5,108,33.7,208,49.4,178,45.8,47,73.5,91,72.0,237,45.1,28,36.2,132,62.1,6,50.7,157,9.2,142,9.2,224
Eastern Washington,52.0,66,49.1,145,29.599999999999998,250,33.7,218,27.3,196,27.0,139,17.7,84,18.5,189,34.4,111,34.3,239,52.2,63,48.0,120,68.7,253,70.4,149,42.4,64,30.8,19,58.8,19,54.7,265,8.2,191,9.2,225
Furman,54.6,17,50.7,235,31.6,205,26.8,51,23.5,300,28.4,193,16.6,44,23.0,18,34.5,107,31.2,69,57.0,4,53.6,317,70.4,198,71.9,233,46.6,17,42.1,306,53.3,136,55.0,274,8.0,204,9.2,226
Cal St. Fullerton,47.699999999999996,263,50.1,215,37.6,55,35.4,250,22.8,318,26.700000000000003,127,18.5,148,18.2,211,32.2,227,34.2,235,47.3,264,49.5,182,66.4,312,73.7,313,33.6,269,32.2,37,47.1,277,48.9,104,7.8,218,9.2,227
Tulane,47.8,257,52.7,307,34.2,133,29.599999999999998,113,22.2,327,31.2,310,16.900000000000002,57,23.0,19,33.4,169,34.0,226,46.3,299,54.0,327,71.2,174,69.4,103,40.3,105,43.3,325,48.0,261,62.9,350,7.8,227,9.2,228
Penn,52.300000000000004,56,47.599999999999994,87,24.6,337,25.0,27,22.8,315,28.4,194,17.299999999999997,70,16.7,299,32.6,204,34.3,241,55.0,12,45.9,49,66.4,310,71.9,235,43.9,40,30.5,16,53.4,133,40.3,8,7.5,234,9.2,229
UT Arlington,47.3,280,46.9,63,28.999999999999996,268,35.8,257,26.5,224,28.999999999999996,226,16.2,31,17.5,260,30.4,307,29.6,20,48.5,210,48.2,135,75.2,47,68.4,57,41.8,77,34.8,93,58.4,24,54.3,252,7.3,248,9.2,230
Auburn,50.0,152,47.099999999999994,69,43.8,4,33.900000000000006,219,35.3,13,27.400000000000002,147,17.9,103,18.7,169,30.6,300,32.5,140,53.3,37,46.2,55,67.4,289,71.7,222,44.1,37,36.3,136,49.1,238,45.6,50,12.9,30,9.3,231
Ball St.,50.5,131,45.7,25,30.9,222,28.499999999999996,81,25.4,258,25.1,53,19.5,223,19.6,123,33.5,162,31.4,78,50.6,119,45.0,30,69.9,216,69.0,86,47.9,11,33.0,49,54.9,85,43.0,20,8.7,165,9.3,232
Boston College,46.5,305,50.5,232,29.099999999999998,265,29.9,123,25.4,259,30.7,297,19.6,230,20.8,61,30.8,296,33.4,192,46.7,288,50.8,239,65.9,318,71.6,217,40.5,101,37.2,168,54.3,107,52.3,205,7.1,260,9.3,233
Stetson,49.7,169,50.8,241,39.1,39,31.0,150,30.5,93,28.499999999999996,197,21.9,329,17.599999999999998,257,33.3,179,34.5,254,49.6,167,49.9,199,66.7,306,69.0,87,31.8,294,47.8,349,41.9,339,61.0,339,6.8,282,9.3,234
Army,52.900000000000006,37,51.6,272,25.7,328,23.9,20,20.200000000000003,346,25.900000000000002,88,16.900000000000002,54,17.0,283,32.8,197,35.6,297,55.0,13,50.4,216,61.8,349,69.0,89,36.4,212,41.4,291,58.5,22,51.1,169,4.5,349,9.3,235
Marquette,51.6,82,46.800000000000004,57,39.2,36,34.9,238,30.0,111,26.0,91,18.9,182,15.1,344,38.2,10,32.2,116,46.9,274,46.0,53,74.3,74,66.5,20,44.6,29,34.9,98,53.5,128,52.0,197,10.6,82,9.4,236
North Carolina,46.400000000000006,313,49.1,152,33.5,152,29.2,96,35.3,12,24.2,36,18.099999999999998,117,16.0,322,30.4,308,33.6,205,46.8,280,48.2,136,68.2,265,75.5,341,28.9,334,41.2,286,54.5,102,54.0,242,9.9,113,9.4,237
Fort Wayne,49.4,187,53.5,324,24.5,339,29.5,111,28.4,158,23.799999999999997,24,20.3,266,18.099999999999998,220,31.9,240,35.2,284,50.7,117,54.0,326,67.4,290,71.1,184,44.3,34,41.4,290,50.5,207,54.1,245,8.2,190,9.4,238
NJIT,45.300000000000004,338,50.6,234,31.1,216,33.4,211,25.1,267,27.3,145,16.400000000000002,36,18.3,200,30.4,306,34.5,258,45.1,330,50.0,204,68.0,267,72.4,257,32.9,281,34.6,88,45.8,298,52.3,208,8.1,199,9.4,239
Rider,49.1,196,49.1,150,40.8,18,30.3,131,30.599999999999998,90,24.0,29,19.6,227,19.1,151,32.1,231,32.5,136,49.6,163,49.5,180,65.1,325,68.1,47,33.3,274,43.9,331,51.8,175,52.7,217,7.9,214,9.4,240
Wake Forest,49.0,201,49.7,188,41.0,15,35.199999999999996,242,28.599999999999998,153,26.0,92,19.7,235,15.2,341,35.1,85,33.3,182,47.3,262,49.5,181,74.7,64,70.4,147,32.9,280,35.3,111,51.6,178,49.8,128,7.2,251,9.4,241
Drexel,50.5,129,50.1,210,28.799999999999997,275,29.599999999999998,114,29.799999999999997,115,26.5,113,21.4,318,16.0,324,35.3,67,31.9,101,49.0,195,51.1,248,70.7,191,75.7,343,37.0,190,30.3,14,58.1,27,45.1,43,6.6,286,9.4,242
Creighton,55.2,6,48.4,120,28.799999999999997,274,23.400000000000002,13,23.9,294,30.2,282,15.9,24,17.599999999999998,247,38.7,6,31.8,96,53.0,42,48.9,157,74.9,58,70.0,132,42.7,59,38.4,203,56.1,61,51.0,166,6.6,288,9.4,243
Miami OH,48.4,233,51.9,284,26.900000000000002,309,37.0,279,25.1,270,28.1,181,16.400000000000002,37,17.8,231,33.6,158,35.8,301,47.0,271,50.6,229,72.2,136,68.6,66,41.4,86,39.7,244,45.5,306,46.5,61,6.2,302,9.4,244
Southeast Missouri St.,47.0,290,54.7,341,34.300000000000004,132,34.599999999999994,234,25.900000000000002,240,28.9,220,19.7,238,18.6,183,32.1,233,36.9,326,46.4,296,54.4,331,70.3,205,69.5,109,34.7,246,37.4,174,48.7,245,56.8,298,5.7,321,9.4,245
Bucknell,49.3,192,51.5,266,28.4,283,38.3,296,24.4,289,26.6,121,19.0,193,19.8,112,34.3,114,32.4,128,47.8,248,52.9,303,68.7,255,69.1,93,41.8,78,33.2,57,50.0,221,49.4,117,9.4,130,9.5,246
Old Dominion,45.300000000000004,339,48.1,111,28.799999999999997,273,34.0,222,30.8,83,21.7,8,18.099999999999998,115,18.5,190,29.3,335,33.8,218,46.0,307,46.0,54,69.2,237,71.9,234,33.1,277,45.3,339,44.3,322,54.5,261,9.3,137,9.5,247
Yale,53.800000000000004,23,46.5,49,31.2,215,25.7,30,25.8,242,21.3,4,18.5,146,16.6,305,36.9,30,30.6,46,52.7,50,46.9,77,71.9,144,73.3,297,42.0,76,40.1,260,56.0,64,50.4,150,9.2,141,9.5,248
Toledo,50.9,111,48.699999999999996,133,36.7,75,26.5,43,27.800000000000004,179,27.700000000000003,160,17.599999999999998,81,16.2,315,36.8,34,34.9,269,47.9,245,46.6,70,74.5,68,70.4,148,41.8,79,37.1,165,57.4,39,44.3,35,8.3,180,9.5,249
Tennessee Tech,47.599999999999994,268,53.900000000000006,331,21.9,351,28.499999999999996,82,28.000000000000004,169,28.499999999999996,198,21.6,321,19.5,130,32.4,212,36.3,311,46.8,282,53.6,319,67.7,278,71.4,201,43.2,47,37.1,164,56.3,59,59.7,331,8.1,201,9.5,250
Norfolk St.,47.0,288,47.199999999999996,74,33.300000000000004,160,40.5,313,30.7,88,28.799999999999997,214,20.9,304,21.6,40,31.0,287,30.9,57,47.3,261,47.8,108,71.7,153,67.9,39,42.0,75,40.7,276,52.6,155,59.7,332,7.0,269,9.5,251
Robert Morris,51.4,91,50.4,227,26.0,320,31.7,169,28.199999999999996,163,29.299999999999997,237,18.7,166,21.4,45,36.1,43,32.3,123,49.6,162,51.5,260,67.6,284,73.1,290,39.6,121,36.2,133,64.1,2,50.1,136,5.8,316,9.5,252
St. John's,45.9,327,48.199999999999996,113,30.0,245,36.199999999999996,264,30.0,113,31.4,312,15.1,9,22.7,22,32.1,230,31.7,95,44.9,332,48.7,150,70.2,206,68.2,49,31.3,303,42.2,308,54.3,109,57.6,308,11.6,52,9.6,253
Texas,49.9,155,46.9,61,22.0,350,35.3,249,26.700000000000003,215,32.2,331,20.5,285,20.8,62,33.5,161,32.2,119,49.7,156,46.3,63,68.5,260,66.0,11,42.8,55,28.2,6,48.4,251,43.7,29,11.0,68,9.6,254
Ohio St.,52.300000000000004,58,46.2,36,36.7,74,29.299999999999997,100,31.1,75,25.5,70,19.1,198,18.3,202,37.3,22,32.7,147,49.7,158,44.2,16,75.2,45,69.1,92,41.4,87,39.5,236,54.7,93,49.1,108,10.2,97,9.6,255
Murray St.,52.7,43,46.400000000000006,41,40.1,26,32.2,184,28.9,143,24.8,46,19.900000000000002,248,18.5,192,36.7,35,31.0,58,51.6,87,46.3,61,70.4,196,69.3,100,31.8,295,36.2,134,53.2,142,45.9,53,10.1,101,9.6,256
Wisconsin,50.3,137,46.400000000000006,43,26.900000000000002,306,25.3,29,24.099999999999998,291,25.900000000000002,86,15.4,14,16.900000000000002,288,35.2,74,33.1,171,48.3,224,44.9,28,76.4,24,69.0,83,44.5,30,32.5,39,51.1,190,47.8,90,9.7,118,9.6,257
Oregon,54.300000000000004,20,47.3,77,28.9,270,29.5,109,32.7,40,31.1,306,17.5,80,19.8,110,39.6,2,32.6,141,51.4,95,46.2,56,70.0,213,73.3,301,37.3,180,40.6,273,52.0,173,53.2,229,9.6,122,9.6,258
UNLV,49.7,172,49.2,155,34.1,137,40.6,315,34.0,26,24.0,28,19.3,212,17.4,266,31.9,241,33.5,196,50.9,112,48.5,143,69.2,239,72.1,245,40.2,109,42.8,318,49.8,226,59.6,330,8.8,164,9.6,259
California,46.9,294,49.9,200,36.0,83,37.0,277,25.1,269,26.3,102,19.2,209,17.299999999999997,274,33.5,167,36.3,309,45.5,321,47.0,80,73.8,84,73.6,308,28.4,339,38.0,192,41.5,343,51.7,192,7.4,241,9.6,260
Hartford,48.6,218,46.0,31,30.3,239,29.5,108,22.8,317,31.0,305,19.6,231,18.7,174,34.6,106,27.2,1,46.4,293,49.2,170,70.6,192,69.8,125,40.2,108,38.6,210,55.5,70,52.9,221,6.6,289,9.6,261
Niagara,49.7,170,52.800000000000004,310,24.4,340,27.6,64,17.7,352,35.8,351,15.8,22,20.7,64,37.2,25,35.6,293,46.2,303,52.4,292,75.2,48,70.8,169,36.6,210,41.0,283,49.7,228,62.1,344,6.5,294,9.6,262
Northern Colorado,54.7,12,48.5,123,25.3,330,24.9,26,25.0,272,24.0,30,15.4,13,16.8,294,37.4,20,28.5,6,53.6,30,50.2,206,67.3,293,70.4,150,45.1,27,23.5,1,48.5,247,33.3,1,5.5,325,9.6,263
Chattanooga,52.5,52,51.1,255,29.2,262,27.3,57,25.900000000000002,238,24.6,45,17.5,78,16.900000000000002,290,35.7,52,32.2,117,51.8,83,52.7,296,70.8,189,69.9,130,41.7,83,36.8,148,51.1,192,46.6,63,4.1,352,9.6,264
Kansas,53.7,24,43.7,4,35.8,89,23.200000000000003,12,32.6,41,26.400000000000002,107,18.7,164,18.6,180,34.1,128,30.5,43,54.9,14,42.4,3,67.1,295,67.2,30,32.5,287,41.3,288,51.0,197,52.6,215,13.7,15,9.7,265
Florida Gulf Coast,47.199999999999996,283,49.2,157,23.0,344,29.9,124,27.900000000000002,174,30.0,268,23.3,347,19.900000000000002,108,30.8,297,34.5,257,48.0,241,47.7,100,69.5,230,69.5,111,41.7,82,37.0,163,54.5,99,49.5,118,12.0,40,9.7,266
Purdue,47.8,260,47.099999999999994,70,25.8,322,31.900000000000002,178,34.9,16,27.200000000000003,141,17.4,74,20.4,80,33.0,185,30.5,44,46.7,286,48.1,129,68.7,254,71.1,183,36.2,216,42.0,304,54.2,114,59.3,326,11.3,60,9.7,267
Texas Southern,45.9,328,50.3,225,41.099999999999994,13,34.300000000000004,225,31.8,61,30.4,285,21.0,308,19.6,125,30.5,302,34.9,274,45.9,313,49.2,171,71.1,179,72.0,239,28.6,337,34.9,101,43.7,327,53.4,232,7.1,261,9.7,268
South Florida,46.6,304,51.0,252,37.5,58,34.5,231,32.4,45,25.2,57,22.2,335,23.3,15,30.9,291,33.4,191,46.7,287,51.6,264,65.0,327,68.4,61,38.4,151,40.1,263,46.7,283,51.0,168,6.8,279,9.7,269
Winthrop,53.0,34,50.7,236,36.3,79,41.9,327,34.8,18,24.099999999999998,32,19.1,197,20.0,100,34.4,110,32.3,125,54.1,24,52.0,272,63.4,342,67.0,27,43.6,43,37.5,175,54.4,105,50.3,146,6.7,283,9.7,270
Georgia St.,50.3,139,46.9,60,31.3,213,47.0,345,30.9,81,32.9,334,18.9,190,20.8,60,35.8,48,29.9,23,48.3,220,48.0,125,74.4,72,72.5,264,37.7,170,35.6,115,52.4,158,51.2,172,11.0,69,9.8,271
Siena,51.800000000000004,71,48.4,121,36.3,78,26.900000000000002,52,31.900000000000002,56,26.0,90,19.2,208,17.2,279,35.5,59,31.8,98,51.0,108,48.7,148,70.4,197,74.4,329,33.2,275,34.8,97,52.1,168,45.0,42,8.1,196,9.8,272
James Madison,48.199999999999996,239,52.7,306,37.2,66,29.299999999999997,99,25.8,243,26.0,94,17.2,65,15.9,326,32.3,222,35.9,303,48.1,235,51.8,269,65.2,324,73.0,286,40.5,102,41.9,300,48.9,243,52.6,216,7.4,242,9.8,273
UTSA,48.1,241,52.2,292,26.400000000000002,317,38.0,289,26.700000000000003,217,26.400000000000002,110,17.0,58,18.2,209,34.4,112,35.4,289,45.5,320,51.6,266,77.8,13,71.2,187,42.8,56,39.6,240,44.4,320,49.0,106,5.9,311,9.8,274
George Mason,47.599999999999994,269,49.6,183,34.4,129,30.599999999999998,138,33.1,33,27.800000000000004,164,20.1,256,18.9,163,30.4,305,31.5,82,48.7,204,50.9,243,69.1,246,66.3,19,34.5,251,38.1,194,45.6,303,49.9,131,13.2,27,9.9,275
South Alabama,51.4,92,51.5,264,40.6,21,26.6,46,25.5,255,29.599999999999998,257,18.3,137,20.1,97,33.0,186,34.9,272,52.2,65,50.6,224,73.0,108,70.3,145,29.6,326,47.5,348,42.9,331,57.0,301,11.4,58,9.9,276
Minnesota,49.4,186,45.6,22,27.500000000000004,296,28.000000000000004,70,31.3,69,27.900000000000002,171,16.7,50,15.8,329,33.7,153,30.7,52,48.6,205,45.4,38,69.1,243,70.7,164,40.7,96,31.2,24,58.4,23,52.6,212,11.3,59,9.9,277
Iowa,51.6,85,49.4,169,34.4,128,26.8,50,32.0,52,29.5,251,17.1,61,17.599999999999998,248,34.7,101,32.1,110,51.3,101,50.3,211,75.0,56,72.6,269,37.6,172,40.0,258,63.9,3,58.7,320,10.6,83,9.9,278
Arizona St.,48.8,212,49.1,151,32.4,183,34.2,224,26.5,223,28.599999999999998,204,17.9,105,22.3,31,32.3,217,33.1,173,49.0,196,48.8,154,69.5,231,68.1,45,36.9,191,38.2,199,42.3,336,50.5,154,9.4,132,9.9,279
North Texas,55.300000000000004,5,49.8,192,29.4,257,38.800000000000004,300,29.299999999999997,130,27.700000000000003,159,20.599999999999998,289,20.7,68,37.5,16,35.5,290,54.6,18,47.8,106,76.9,21,69.1,91,40.9,94,36.4,138,49.5,230,46.5,59,8.7,166,9.9,280
Tulsa,49.6,176,46.7,54,39.800000000000004,30,28.299999999999997,76,26.3,230,28.000000000000004,178,19.7,237,21.5,42,32.2,223,29.9,25,50.3,130,48.2,133,70.8,187,71.3,196,34.3,258,46.1,344,53.7,123,53.5,233,7.5,236,9.9,281
VMI,50.4,135,50.8,240,21.8,352,39.4,305,26.8,211,28.499999999999996,199,18.5,151,17.5,262,34.8,96,32.3,124,48.6,206,52.3,289,70.5,195,73.3,300,50.6,4,39.9,252,62.6,5,54.3,250,6.9,271,9.9,282
North Dakota St.,51.9,68,49.2,154,33.300000000000004,162,26.6,48,22.400000000000002,324,19.0,1,14.7,5,14.6,347,35.2,77,32.7,148,51.2,106,49.3,172,79.5,3,72.2,247,46.3,22,30.7,17,46.5,285,37.9,2,5.5,326,9.9,283
Loyola Marymount,51.0,107,51.800000000000004,279,34.8,122,38.2,292,27.3,198,27.800000000000004,165,21.9,328,18.6,185,29.7,326,33.1,176,54.4,20,53.7,321,68.3,264,73.2,293,34.9,243,45.6,342,49.4,233,59.2,324,7.0,268,10.0,284
Connecticut,47.8,261,46.400000000000006,47,34.599999999999994,125,34.599999999999994,233,34.1,24,29.4,243,19.900000000000002,251,21.9,37,32.4,211,33.0,166,47.4,259,45.0,31,74.2,78,73.8,316,35.8,227,29.8,11,51.2,182,50.0,134,15.0,8,10.1,285
High Point,45.7,332,55.60000000000001,344,40.5,24,36.0,260,31.2,72,28.7,210,21.6,322,17.8,235,31.7,259,38.9,349,44.7,339,53.2,311,69.5,232,68.9,81,35.2,239,46.6,345,53.6,127,61.1,341,11.9,44,10.1,286
Sacred Heart,49.1,199,47.599999999999994,89,34.8,119,23.599999999999998,15,36.1,5,28.199999999999996,182,20.4,273,15.7,335,32.7,199,33.3,185,49.2,185,46.3,64,73.3,95,68.6,65,39.0,135,34.3,78,50.2,214,55.0,276,9.6,124,10.1,287
Washington St.,45.800000000000004,330,49.9,202,30.7,230,32.300000000000004,187,27.800000000000004,180,26.0,93,17.2,64,20.9,57,30.9,294,31.5,81,45.5,318,51.2,253,74.3,75,68.8,74,39.3,124,32.0,33,47.7,266,44.8,41,6.8,274,10.1,288
Texas A&M Corpus Chris,51.5,89,48.699999999999996,132,33.4,156,41.3,322,30.599999999999998,91,29.099999999999998,228,26.6,353,19.1,152,37.7,13,31.6,84,48.4,213,49.4,174,70.1,211,72.8,277,38.7,142,34.6,85,54.0,117,51.4,183,8.4,179,10.2,289
Incarnate Word,45.7,331,53.0,315,31.1,218,36.0,261,27.500000000000004,190,34.1,344,21.9,330,20.5,79,29.1,337,35.0,278,46.8,281,53.2,310,74.0,83,76.1,346,36.8,202,33.9,68,51.8,174,58.2,316,6.4,297,10.2,290
IUPUI,47.9,253,54.400000000000006,337,32.2,195,29.5,107,28.7,151,33.5,339,18.8,180,17.1,280,33.7,149,37.8,339,46.2,305,53.0,305,64.7,330,72.4,260,38.8,140,38.9,220,54.3,108,55.8,285,5.9,312,10.2,291
Elon,49.6,175,52.6,301,27.900000000000002,291,42.1,329,22.900000000000002,314,25.900000000000002,87,17.299999999999997,69,17.4,264,35.2,73,36.9,324,46.4,295,50.6,230,73.6,90,74.4,328,49.3,6,41.6,294,54.0,119,53.1,224,5.6,324,10.2,292
Presbyterian,50.2,144,53.800000000000004,328,35.699999999999996,97,37.1,281,26.400000000000002,227,27.400000000000002,149,21.9,326,16.900000000000002,292,32.5,209,36.4,317,50.9,113,53.1,308,71.8,148,71.3,194,36.1,219,44.3,334,51.2,189,54.3,256,5.5,328,10.2,293
Villanova,52.6,46,48.199999999999996,112,26.900000000000002,307,23.599999999999998,17,25.7,247,24.5,42,16.0,26,16.900000000000002,289,35.9,47,32.5,134,51.5,92,47.9,111,75.9,33,70.2,141,47.3,15,31.8,29,56.3,58,47.6,85,6.5,292,10.3,294
Missouri,47.0,289,46.300000000000004,40,35.699999999999996,93,47.8,346,31.4,67,27.700000000000003,158,20.8,300,20.8,63,29.7,325,28.8,12,48.7,203,48.2,134,78.0,11,72.6,267,40.4,103,37.9,187,50.3,213,49.1,109,10.0,107,10.4,295
Virginia Tech,50.3,141,48.5,125,22.900000000000002,346,26.1,39,21.0,339,25.5,73,14.6,4,17.599999999999998,246,35.2,72,32.2,118,48.1,231,48.6,145,71.1,177,68.6,68,47.7,13,42.5,313,59.5,16,53.3,230,8.9,156,10.4,296
North Florida,54.6,13,50.3,222,28.599999999999998,280,28.1,71,26.900000000000002,208,31.8,323,17.299999999999997,72,15.8,330,37.8,12,31.6,83,52.4,57,51.2,251,76.5,23,70.1,136,52.2,1,24.5,2,57.8,33,52.1,201,8.2,189,10.4,297
Detroit,46.2,317,53.1,319,32.1,198,31.8,170,30.8,82,30.5,290,19.1,203,17.0,285,32.3,221,36.3,312,44.5,342,52.2,283,78.2,10,72.3,250,44.1,38,39.2,229,44.5,319,62.2,346,8.2,193,10.4,298
Mississippi,48.6,219,47.699999999999996,92,36.8,71,40.699999999999996,317,26.400000000000002,228,27.800000000000004,167,18.9,185,19.6,121,31.9,239,29.2,14,48.9,199,49.7,191,73.0,106,74.0,324,33.7,266,34.6,87,53.7,122,55.2,280,8.0,205,10.4,299
Lipscomb,50.1,150,51.6,273,28.7,277,27.1,55,26.6,218,27.700000000000003,162,18.9,184,17.7,241,33.7,148,34.5,253,49.8,154,51.4,258,69.1,247,68.8,77,35.2,238,40.9,280,51.2,187,49.2,112,7.0,265,10.4,300
Montana St.,49.0,202,48.3,116,38.4,46,30.8,141,22.400000000000002,325,25.0,51,20.599999999999998,288,15.9,327,31.5,271,32.1,113,49.8,153,48.4,141,74.1,79,70.2,142,32.5,288,40.6,274,48.2,256,50.3,148,7.0,266,10.4,301
Rice,51.5,87,53.0,313,34.300000000000004,131,29.799999999999997,119,24.4,287,26.6,120,18.8,171,17.599999999999998,254,34.0,138,33.2,180,52.0,75,55.1,340,72.5,120,68.4,58,50.7,3,39.8,248,56.4,57,50.7,160,5.2,339,10.4,302
Loyola Chicago,54.900000000000006,7,52.2,288,38.9,40,23.5,14,21.3,336,23.599999999999998,22,19.400000000000002,218,23.599999999999998,11,36.0,44,36.9,323,55.3,9,49.8,192,65.1,326,67.2,31,31.2,305,42.8,321,57.2,44,53.9,239,5.2,340,10.4,303
Bryant,47.9,255,47.0,68,31.0,221,29.9,122,31.0,77,28.199999999999996,183,20.5,278,16.5,308,31.9,243,30.9,55,48.0,239,47.4,93,67.5,286,67.9,40,43.3,46,35.9,122,53.9,120,49.5,119,10.8,77,10.5,304
Mount St. Mary's,46.2,316,50.0,206,32.6,175,30.099999999999998,126,29.299999999999997,129,27.900000000000002,174,17.9,104,17.299999999999997,271,31.3,278,35.5,292,45.8,317,48.1,130,69.2,238,70.5,153,38.3,154,36.7,147,50.3,211,51.3,181,9.2,143,10.5,305
Columbia,46.1,318,52.300000000000004,294,22.5,348,25.7,31,20.1,347,25.1,55,15.9,23,16.3,312,29.8,324,33.3,187,46.9,276,53.9,325,72.8,115,67.6,35,36.2,215,39.8,249,43.3,330,49.7,126,8.0,203,10.5,306
Cornell,49.8,161,53.1,317,26.8,312,31.8,173,24.5,285,29.9,266,17.9,108,18.3,201,32.5,208,36.1,307,50.5,124,52.3,285,70.5,194,71.1,182,39.2,128,40.8,277,55.3,73,54.7,266,7.9,216,10.5,307
Charlotte,51.6,80,50.4,226,38.0,50,27.6,60,21.5,332,23.7,23,20.599999999999998,287,20.3,89,34.0,134,31.9,103,51.9,78,52.1,278,70.3,204,67.7,37,36.8,195,39.9,255,52.3,162,50.1,139,10.4,90,10.6,308
Maryland Eastern Shore,40.5,352,51.0,254,25.7,326,36.6,271,26.200000000000003,232,31.0,304,21.099999999999998,310,20.4,82,25.0,352,33.7,213,42.5,349,51.3,256,63.1,343,69.8,129,39.7,117,38.7,215,52.6,154,54.4,258,9.0,150,10.6,309
Kennesaw St.,39.300000000000004,353,55.300000000000004,343,32.5,181,30.4,133,25.8,244,31.2,308,21.7,325,18.5,194,24.8,353,37.1,329,40.2,353,55.0,339,70.4,199,66.1,13,30.9,310,37.7,186,42.0,337,52.0,200,5.5,327,10.6,310
Cincinnati,50.3,140,45.7,26,39.6,33,29.2,94,32.0,55,28.599999999999998,201,20.200000000000003,262,19.7,115,31.9,238,33.7,210,51.7,85,43.1,7,67.7,275,73.0,285,36.1,220,34.7,92,57.3,40,50.7,158,12.5,33,10.7,311
Alabama St.,44.6,346,51.300000000000004,259,35.699999999999996,95,38.3,294,26.0,236,29.799999999999997,263,22.6,341,20.4,83,30.3,311,32.9,161,44.1,344,52.3,290,62.2,346,65.4,8,39.0,133,34.5,81,47.6,269,50.2,144,6.0,308,10.7,312
Southern Utah,48.699999999999996,215,45.800000000000004,28,35.9,85,37.0,278,27.3,197,23.3,19,19.2,205,16.8,296,31.8,252,31.1,63,49.2,184,45.4,37,72.2,132,70.8,170,31.4,302,34.6,89,44.1,324,50.4,151,11.1,67,10.8,313
Wichita St.,47.099999999999994,286,44.4,7,33.7,144,38.4,297,31.7,62,24.099999999999998,33,17.9,98,20.1,96,32.8,195,30.2,36,45.8,316,43.9,14,69.7,218,69.6,115,39.3,125,35.2,105,56.8,49,46.9,71,10.4,89,10.8,314
New Orleans,48.4,230,56.10000000000001,348,40.300000000000004,25,39.7,308,27.6,186,34.2,345,20.3,271,20.599999999999998,74,32.6,200,36.7,322,48.2,228,56.7,349,74.1,81,73.0,282,26.8,348,33.6,63,53.6,124,56.3,291,5.4,334,10.8,315
Maryland,48.6,217,46.1,34,37.7,54,24.2,22,31.5,65,26.6,116,16.7,49,17.299999999999997,270,31.1,286,32.5,139,50.1,140,44.5,22,74.7,63,69.8,123,43.1,51,38.1,193,55.0,81,54.7,267,11.8,46,10.9,316
Central Connecticut,44.7,345,53.400000000000006,322,29.299999999999997,261,33.2,208,23.400000000000002,305,33.1,338,20.4,276,18.0,223,34.8,95,36.9,325,41.2,352,52.1,280,67.9,272,69.6,117,31.6,299,39.7,245,43.4,329,55.8,286,9.3,139,10.9,317
Temple,46.0,323,46.400000000000006,48,33.300000000000004,159,29.5,106,25.900000000000002,239,26.700000000000003,124,18.099999999999998,119,18.5,191,32.2,226,31.0,60,44.7,335,46.3,67,68.7,252,71.6,214,35.0,241,41.9,302,57.7,36,56.9,299,8.8,162,10.9,318
Cal Baptist,50.8,119,47.599999999999994,88,35.3,105,30.599999999999998,137,30.9,78,25.6,74,17.8,91,14.000000000000002,353,37.7,14,30.4,39,46.7,285,48.6,146,78.8,6,69.1,90,41.7,81,31.1,23,50.1,216,47.6,87,8.1,197,10.9,319
Pittsburgh,45.1,342,49.8,199,35.099999999999994,110,26.0,35,32.800000000000004,36,34.5,349,18.4,145,23.3,13,29.6,328,33.9,223,45.5,319,49.0,161,71.3,163,71.3,195,31.7,297,39.6,243,53.5,129,59.0,323,10.1,104,11.0,320
LIU Brooklyn,51.4,94,50.0,203,33.4,157,28.499999999999996,80,21.6,331,31.2,311,19.0,196,18.7,171,34.2,121,33.1,172,51.4,97,50.3,210,71.3,165,71.5,206,45.4,24,36.0,126,52.7,150,51.4,184,8.2,187,11.0,321
Albany,48.0,248,49.4,172,33.7,146,28.199999999999996,72,24.2,290,25.6,76,19.7,234,18.3,203,32.6,202,34.7,264,47.3,265,47.7,102,71.2,171,69.5,107,44.0,39,39.3,231,56.4,56,54.6,262,7.6,233,11.0,322
Houston Christian,50.3,138,58.099999999999994,352,38.0,51,36.7,272,32.1,50,32.1,328,21.4,319,16.7,301,36.4,40,38.4,347,48.3,226,58.4,353,74.7,66,74.0,322,33.0,279,33.6,62,46.4,290,56.6,297,5.1,343,11.0,323
North Alabama,47.9,252,50.0,205,39.7,31,40.8,318,27.900000000000002,177,26.3,100,21.4,317,19.3,142,33.5,164,33.8,216,46.6,291,49.6,185,69.2,240,69.6,116,36.3,214,34.1,72,45.4,307,43.2,23,6.2,301,11.1,324
Alabama A&M,42.4,351,51.300000000000004,260,32.7,173,35.199999999999996,245,24.9,275,26.900000000000002,138,18.8,173,18.2,212,28.1,346,32.4,133,42.6,348,52.7,298,67.2,294,66.2,17,31.7,296,34.9,100,49.7,227,51.3,182,5.7,319,11.1,325
Utah Valley,49.2,193,47.699999999999996,91,34.1,136,34.5,232,23.7,297,27.900000000000002,176,19.8,242,17.0,286,30.2,317,32.6,146,51.4,96,47.2,84,71.6,157,74.8,334,37.2,184,29.9,12,54.2,111,46.6,62,11.8,45,11.2,326
Cleveland St.,44.5,347,50.0,207,38.7,44,39.5,306,32.2,49,33.1,337,22.2,336,20.599999999999998,76,28.4,341,34.2,237,45.1,329,49.1,166,66.9,301,72.2,249,22.4,353,38.1,195,50.4,210,55.2,281,7.4,245,11.2,327
Stanford,53.5,30,45.6,21,31.0,219,31.8,171,22.1,328,27.800000000000004,169,20.7,298,22.5,26,37.3,21,29.6,17,52.1,69,46.3,60,70.3,200,69.7,119,35.2,240,37.3,172,51.1,193,45.4,48,10.8,76,11.3,328
Abilene Christian,49.6,174,50.4,228,41.099999999999994,14,48.9,349,28.799999999999997,149,29.5,253,20.599999999999998,292,26.1,2,31.5,264,30.9,56,51.0,107,52.3,284,74.3,77,73.4,307,36.7,205,32.6,43,55.3,72,45.5,49,7.9,208,11.3,329
Troy,46.1,321,52.300000000000004,295,29.2,263,37.4,285,29.4,127,29.9,265,19.900000000000002,252,20.0,103,31.7,257,34.1,231,45.0,331,53.0,306,66.9,302,70.7,165,44.5,31,39.9,253,57.6,37,56.6,296,7.5,237,11.3,330
Utah,51.300000000000004,99,50.3,224,35.8,91,23.0,11,28.999999999999996,138,26.900000000000002,135,19.7,236,17.7,242,33.4,172,35.2,283,52.0,76,48.9,158,73.0,105,73.1,288,38.3,155,35.3,109,56.5,51,50.7,159,7.2,254,11.3,331
Quinnipiac,50.9,115,48.8,137,28.199999999999996,286,23.599999999999998,16,27.0,205,26.200000000000003,96,19.900000000000002,249,14.099999999999998,352,35.7,53,35.3,285,48.1,234,46.5,68,76.2,29,68.2,48,51.3,2,35.8,120,57.9,31,54.9,271,9.3,138,11.4,332
Princeton,53.6,25,52.300000000000004,293,27.800000000000004,293,26.5,45,24.6,282,24.0,31,18.3,133,17.2,277,35.5,58,35.4,288,53.8,29,51.9,270,73.4,93,76.3,348,44.2,36,30.7,18,51.4,180,42.5,16,5.4,332,11.4,333
Miami FL,48.8,211,50.2,221,28.1,289,22.900000000000002,10,26.0,234,31.900000000000002,325,17.2,66,17.599999999999998,249,31.7,260,33.9,222,49.5,173,49.8,195,75.9,34,71.2,188,37.2,183,34.7,91,38.9,351,54.6,264,9.4,133,11.5,334
Brown,44.9,344,49.7,191,32.4,184,29.299999999999997,101,32.800000000000004,37,26.400000000000002,106,21.2,311,19.7,117,30.4,304,33.5,197,44.5,341,49.4,177,73.8,85,72.1,243,38.1,161,36.9,157,47.6,271,49.1,110,11.5,53,11.7,335
Merrimack,48.5,226,48.0,104,25.900000000000002,321,37.8,288,23.0,310,34.2,346,18.6,162,25.900000000000002,3,33.3,173,30.6,47,47.4,258,48.9,159,67.5,287,71.3,198,42.4,65,31.1,22,55.2,74,57.8,311,7.8,225,11.7,336
Southern Illinois,49.5,180,49.1,149,33.6,150,25.3,28,20.599999999999998,343,29.9,267,19.400000000000002,222,21.0,54,34.1,125,32.4,130,48.3,223,49.4,175,73.1,100,69.6,113,41.2,91,35.0,102,52.9,146,53.2,228,5.7,320,11.7,337
Western Carolina,54.6,16,50.5,229,38.4,47,31.2,156,28.4,159,25.6,75,19.8,240,16.5,307,36.8,33,31.3,73,54.0,26,53.0,304,70.9,184,72.9,280,45.4,25,41.2,285,53.6,126,45.8,51,4.9,346,11.7,338
George Washington,49.0,203,50.1,211,32.800000000000004,172,31.1,155,23.0,309,26.700000000000003,126,19.400000000000002,220,15.7,334,32.1,235,33.0,167,49.6,165,50.4,217,69.8,217,68.6,69,42.5,61,30.4,15,52.2,165,45.3,45,10.1,100,11.8,339
La Salle,48.4,232,48.5,126,33.1,164,40.1,311,28.9,144,28.4,191,20.8,301,20.3,90,33.6,155,30.0,30,46.9,273,50.5,223,66.5,309,71.6,216,41.6,84,37.3,170,55.0,80,55.0,273,8.9,157,11.9,340
Kansas St.,47.5,271,49.6,184,34.699999999999996,123,38.800000000000004,299,29.599999999999998,120,30.2,281,21.3,314,24.3,8,31.3,274,33.0,168,47.9,243,49.6,184,66.1,317,70.1,140,39.1,130,40.1,261,55.1,79,52.8,218,7.9,215,12.0,341
Longwood,48.1,243,51.5,267,32.6,177,35.0,240,22.5,323,25.1,54,19.3,213,20.3,87,34.4,109,35.6,296,44.9,333,50.2,208,70.8,188,68.4,59,48.9,8,42.9,322,49.2,236,57.3,305,6.6,290,12.0,342
Alabama,52.2,60,47.9,98,36.9,68,35.8,256,29.7,117,31.0,302,19.1,204,18.099999999999998,219,34.9,89,31.2,68,52.1,70,48.4,140,69.3,235,74.1,325,48.9,9,34.7,90,51.6,177,43.4,27,10.4,88,12.4,343
Morehead St.,47.199999999999996,282,49.7,190,31.5,208,29.2,98,27.900000000000002,173,28.299999999999997,189,18.099999999999998,122,17.299999999999997,272,27.3,348,32.7,152,50.6,120,50.0,201,63.8,336,70.7,167,34.4,252,37.2,169,51.2,184,46.7,65,11.1,65,12.5,344
UMKC,50.5,127,49.5,174,30.3,240,48.4,347,24.0,293,30.0,272,19.8,246,21.099999999999998,52,35.1,81,31.2,67,49.4,175,50.9,242,68.6,257,76.6,351,35.4,235,32.8,46,48.5,248,48.8,102,8.6,168,12.5,345
Texas A&M,46.400000000000006,311,49.2,159,41.099999999999994,12,26.0,33,31.3,68,31.8,321,21.3,315,22.400000000000002,30,29.4,331,32.7,151,48.0,240,49.2,169,67.8,274,75.0,337,41.0,93,50.3,353,52.5,157,63.9,351,10.4,92,12.6,346
Navy,46.1,319,50.7,238,32.0,201,30.099999999999998,127,33.800000000000004,27,25.900000000000002,81,18.8,170,18.099999999999998,218,29.3,336,34.0,229,47.5,257,50.4,219,69.2,241,68.1,46,39.0,134,41.1,284,49.0,240,56.4,293,5.4,335,12.7,347
Saint Peter's,46.0,322,46.1,35,38.0,49,40.8,319,35.6,11,27.400000000000002,146,23.400000000000002,348,22.0,36,34.2,118,32.1,111,43.5,345,44.9,29,72.3,126,71.8,227,32.5,289,36.0,129,46.7,282,54.1,247,13.6,20,12.9,348
Baylor,49.4,185,45.2,16,30.8,226,30.8,142,35.8,8,29.799999999999997,260,17.8,96,22.7,23,35.1,80,31.1,61,47.5,256,44.4,21,69.0,248,68.7,70,36.9,192,35.0,104,54.1,116,52.6,213,12.5,34,12.9,349
TCU,49.4,189,49.3,162,27.1,304,30.8,143,32.2,47,29.599999999999998,255,21.5,320,21.0,55,35.4,60,35.1,280,46.6,292,47.6,96,63.5,340,66.7,23,43.0,52,33.1,52,61.7,7,62.2,345,13.0,29,13.0,350
Vanderbilt,50.2,142,52.7,305,41.4,10,36.8,274,25.4,261,29.4,246,18.4,143,19.6,119,33.3,175,35.1,282,50.3,135,52.7,297,69.7,221,73.8,318,44.3,35,33.8,66,48.0,259,50.7,161,8.7,167,13.0,351
Saint Joseph's,46.6,303,52.7,308,29.099999999999998,267,32.0,180,26.200000000000003,231,28.999999999999996,227,18.2,129,14.399999999999999,348,29.7,327,37.1,328,48.6,209,51.3,255,70.5,193,72.5,266,49.7,5,33.2,56,52.6,152,49.7,125,6.8,277,13.1,352
Nebraska,46.800000000000004,296,51.5,268,28.999999999999996,269,21.8,7,22.3,326,33.0,336,16.0,29,18.7,168,31.8,250,33.3,186,46.3,298,52.5,294,60.3,351,66.7,24,39.6,118,38.9,219,54.2,113,52.0,196,6.1,307,13.7,353
